marz_en,marz_iso,community_hy,locality_hy,republican,prosperous_armenia,anc,orinats_yerkir,heritage,arf,communist,democratic_party,united_armenians,registered,ballots_cast,invalid,valid,stations,turnout_pct
Aragatsotn,AM-AG,Ալագյազ,Ալագյազ գյուղ,75,184,0,2,3,0,0,1,0,552,276,11,265,1,50.0
Aragatsotn,AM-AG,Ալագյազ,Ավշեն գյուղ,64,36,0,0,3,0,0,0,0,317,115,12,103,1,36.28
Aragatsotn,AM-AG,Ալագյազ,Կանիաշիր գյուղ,108,42,0,3,1,1,1,0,1,366,165,8,157,1,45.08
Aragatsotn,AM-AG,Ալագյազ,Ճարճակիս գյուղ,130,121,9,2,0,10,1,0,1,486,281,6,274,1,57.82
Aragatsotn,AM-AG,Ալագյազ,Միջնատուն գյուղ,65,31,3,2,0,0,0,0,0,180,105,3,101,1,58.33
Aragatsotn,AM-AG,Ալագյազ,Միրաք գյուղ,18,15,0,0,0,0,0,0,0,84,36,3,33,1,42.86
Aragatsotn,AM-AG,Ալագյազ,Շենկանի գյուղ,101,13,0,0,0,0,0,0,0,201,116,2,114,1,57.71
Aragatsotn,AM-AG,Ալագյազ,Ջամշլու  գյուղ,73,20,0,2,3,0,0,0,0,222,107,8,98,1,48.2
Aragatsotn,AM-AG,Ալագյազ,Ռյա թազա գյուղ,158,45,2,1,1,0,0,0,0,466,215,8,207,1,46.14
Aragatsotn,AM-AG,Ալագյազ,Սադունց գյուղ,65,39,1,1,1,1,1,0,0,228,129,20,109,1,56.58
Aragatsotn,AM-AG,Ալագյազ,Սիփան գյուղ,80,17,0,2,1,0,0,1,0,256,104,3,101,1,40.62
Aragatsotn,AM-AG,Աշտարակ,Ագարակ գյուղ,481,318,21,60,11,22,10,6,4,1347,959,15,933,1,71.2
Aragatsotn,AM-AG,Աշտարակ,Աղձք գյուղ,45,747,22,10,16,18,3,2,0,1339,908,45,863,1,67.81
Aragatsotn,AM-AG,Աշտարակ,Անտառուտ գյուղ,87,48,6,3,3,3,2,1,0,216,156,3,153,1,72.22
Aragatsotn,AM-AG,Աշտարակ,Աշտարակ քաղաք,3664,4936,1077,595,592,690,108,45,17,18761,12373,509,11724,11,65.95
Aragatsotn,AM-AG,Աշտարակ,Ավան գյուղ,263,144,22,5,6,61,0,1,0,660,519,17,502,1,78.64
Aragatsotn,AM-AG,Աշտարակ,Արագածոտն գյուղ,370,53,4,21,7,21,1,2,0,766,500,18,479,1,65.27
Aragatsotn,AM-AG,Աշտարակ,Արուճ գյուղ,384,125,28,21,7,36,3,0,3,860,636,14,607,1,73.95
Aragatsotn,AM-AG,Աշտարակ,Արտաշավան գյուղ,104,148,17,4,15,98,2,0,0,512,399,11,388,1,77.93
Aragatsotn,AM-AG,Աշտարակ,Բազմաղբյուր գյուղ,301,155,43,37,17,10,8,0,0,763,578,7,571,1,75.75
Aragatsotn,AM-AG,Աշտարակ,Բյուրական գյուղ,984,892,92,163,117,77,14,9,4,3430,2461,77,2352,2,71.75
Aragatsotn,AM-AG,Աշտարակ,Դպրեվանք գյուղ,36,7,0,1,1,0,1,0,0,69,47,1,46,1,68.12
Aragatsotn,AM-AG,Աշտարակ,Լեռնարոտ գյուղ,172,25,19,23,2,4,1,0,1,262,257,6,247,1,98.09
Aragatsotn,AM-AG,Աշտարակ,Կարբի գյուղ,891,1151,94,67,48,38,5,1,0,3015,2373,41,2295,2,78.71
Aragatsotn,AM-AG,Աշտարակ,Կոշ գյուղ,734,540,48,50,27,98,8,2,0,2180,1560,53,1507,2,71.56
Aragatsotn,AM-AG,Աշտարակ,Ղազարավան գյուղ,201,80,6,24,2,10,0,0,0,384,323,1,323,1,84.11
Aragatsotn,AM-AG,Աշտարակ,Նոր Ամանոս գյուղ,211,71,16,36,15,16,3,3,0,562,376,3,371,1,66.9
Aragatsotn,AM-AG,Աշտարակ,Նոր Եդեսիա գյուղ,343,89,8,85,10,19,2,1,0,887,557,0,557,1,62.8
Aragatsotn,AM-AG,Աշտարակ,Ոսկեհատ գյուղ,309,185,8,71,4,8,7,0,0,778,615,19,592,1,79.05
Aragatsotn,AM-AG,Աշտարակ,Ոսկեվազ գյուղ,596,648,184,785,70,88,7,2,1,3314,2436,36,2381,2,73.51
Aragatsotn,AM-AG,Աշտարակ,Ուշի գյուղ,190,261,92,56,7,107,3,1,0,1093,740,22,717,1,67.7
Aragatsotn,AM-AG,Աշտարակ,Ուջան գյուղ,583,318,96,69,44,384,2,6,2,2161,1591,83,1504,2,73.62
Aragatsotn,AM-AG,Աշտարակ,Սաղմոսավան գյուղ,46,45,5,0,0,15,1,0,0,154,118,6,112,1,76.62
Aragatsotn,AM-AG,Աշտարակ,Սասունիկ գյուղ,541,176,58,581,24,55,5,5,2,2429,1522,42,1447,2,62.66
Aragatsotn,AM-AG,Աշտարակ,Վերին Սասունիկ գյուղ,49,9,0,16,4,0,0,0,0,110,81,3,78,1,73.64
Aragatsotn,AM-AG,Աշտարակ,Տեղեր գյուղ,101,19,0,0,2,9,3,0,0,177,136,2,134,1,76.84
Aragatsotn,AM-AG,Աշտարակ,Փարպի գյուղ,106,861,44,76,6,70,2,1,1,1649,1222,43,1167,1,74.11
Aragatsotn,AM-AG,Աշտարակ,Օհանավան գյուղ,541,665,87,67,25,25,10,0,4,1821,1469,29,1424,1,80.67
Aragatsotn,AM-AG,Աշտարակ,Օշական գյուղ,1124,951,170,148,76,164,20,7,12,4141,2811,136,2672,3,67.88
Aragatsotn,AM-AG,Աշտարակ,Օրգով գյուղ,210,74,5,0,0,5,0,0,1,390,300,5,295,1,76.92
Aragatsotn,AM-AG,Ապարան,Ապարան քաղաք,1823,839,442,213,239,192,49,19,3,5630,3957,92,3819,3,70.28
Aragatsotn,AM-AG,Ապարան,Արագած (Ապարան) գյուղ,967,169,119,214,52,117,18,1,2,2404,1744,48,1659,2,72.55
Aragatsotn,AM-AG,Ապարան,Արայի գյուղ,196,18,31,2,5,7,1,0,1,324,270,9,261,1,83.33
Aragatsotn,AM-AG,Ապարան,Ափնագյուղ գյուղ,205,38,25,4,1,28,2,0,1,399,317,8,304,1,79.45
Aragatsotn,AM-AG,Ապարան,Եղիպատրուշ գյուղ,245,112,3,25,4,27,4,2,1,480,429,6,423,1,89.38
Aragatsotn,AM-AG,Ապարան,Երնջատափ գյուղ,87,103,23,23,1,19,2,0,0,391,264,5,258,1,67.52
Aragatsotn,AM-AG,Ապարան,Թթուջուր գյուղ,101,3,51,16,0,17,1,2,0,242,192,1,191,1,79.34
Aragatsotn,AM-AG,Ապարան,Լուսագյուղ գյուղ,305,91,6,28,7,12,3,1,1,637,461,5,454,1,72.37
Aragatsotn,AM-AG,Ապարան,Ծաղկաշեն գյուղ,261,51,8,5,6,55,3,0,1,480,396,4,390,1,82.5
Aragatsotn,AM-AG,Ապարան,Կայք գյուղ,176,90,30,19,1,12,1,2,0,464,332,1,331,1,71.55
Aragatsotn,AM-AG,Ապարան,Հարթավան գյուղ,247,111,35,1,7,57,4,0,1,691,469,3,463,1,67.87
Aragatsotn,AM-AG,Ապարան,Ձորագլուխ գյուղ,96,49,6,2,47,5,3,0,0,262,213,5,208,1,81.3
Aragatsotn,AM-AG,Ապարան,Մելիքգյուղ գյուղ,294,277,15,6,6,10,4,2,0,772,625,11,614,1,80.96
Aragatsotn,AM-AG,Ապարան,Նիգավան գյուղ,240,58,11,59,5,25,2,2,0,491,405,3,402,1,82.48
Aragatsotn,AM-AG,Ապարան,Շենավան գյուղ,538,192,102,27,18,67,3,2,3,1364,1022,57,952,1,74.93
Aragatsotn,AM-AG,Ապարան,Շողակն գյուղ,44,47,3,1,0,2,0,0,0,112,101,0,97,1,90.18
Aragatsotn,AM-AG,Ապարան,Չքնաղ գյուղ,111,1,2,6,1,35,1,0,0,193,158,1,157,1,81.87
Aragatsotn,AM-AG,Ապարան,Ջրամբար գյուղ,57,20,11,5,0,4,0,0,0,107,97,0,97,1,90.65
Aragatsotn,AM-AG,Ապարան,Սարալանջ գյուղ,76,17,13,17,2,0,1,0,1,178,132,5,127,1,74.16
Aragatsotn,AM-AG,Ապարան,Վարդենիս գյուղ,257,85,21,7,10,11,4,0,0,528,396,1,395,1,75.0
Aragatsotn,AM-AG,Ապարան,Վարդենուտ գյուղ,306,109,36,44,4,11,1,4,0,632,547,10,515,1,86.55
Aragatsotn,AM-AG,Ապարան,Քուչակ գյուղ,651,269,71,50,23,54,7,4,2,1573,1170,0,1131,1,74.38
Aragatsotn,AM-AG,Արեվուտ,Արեվուտ գյուղ,51,3,1,0,1,0,0,0,0,164,57,1,56,1,34.76
Aragatsotn,AM-AG,Արեվուտ,Դդմասար գյուղ,32,16,0,0,5,1,0,0,0,136,57,3,54,1,41.91
Aragatsotn,AM-AG,Արեվուտ,Թլիկ գյուղ,22,6,0,0,0,1,0,0,0,123,31,2,29,1,25.2
Aragatsotn,AM-AG,Արեվուտ,Կանչ գյուղ,45,0,0,0,2,3,0,0,0,139,54,4,50,1,38.85
Aragatsotn,AM-AG,Արեվուտ,Հակո գյուղ,43,4,0,0,1,0,0,0,0,144,51,3,48,1,35.42
Aragatsotn,AM-AG,Արեվուտ,Սորիկ գյուղ,39,0,0,0,0,0,0,0,0,85,40,1,39,1,47.06
Aragatsotn,AM-AG,Թալին,Ագարակավան գյուղ,501,37,6,30,7,9,0,1,1,761,592,0,592,1,77.79
Aragatsotn,AM-AG,Թալին,Ակունք գյուղ,208,57,17,84,4,11,1,0,0,548,392,3,382,1,71.53
Aragatsotn,AM-AG,Թալին,Աշնակ գյուղ,445,79,112,19,24,68,6,2,1,1028,767,5,756,1,74.61
Aragatsotn,AM-AG,Թալին,Արագածավան գյուղ,740,1779,143,84,67,69,17,6,1,4557,3026,102,2906,3,66.4
Aragatsotn,AM-AG,Թալին,Արտենի գյուղ,918,441,79,11,31,98,12,2,3,2788,1666,45,1595,2,59.76
Aragatsotn,AM-AG,Թալին,Գառնահովիտ գյուղ,152,93,6,10,2,11,2,1,0,319,280,1,277,1,87.77
Aragatsotn,AM-AG,Թալին,Գետափ գյուղ,82,10,0,0,3,6,0,0,1,163,105,3,102,1,64.42
Aragatsotn,AM-AG,Թալին,Դաշտադեմ գյուղ,207,42,16,1,12,14,6,0,0,431,304,5,298,1,70.53
Aragatsotn,AM-AG,Թալին,Դավթաշեն գյուղ,169,109,50,23,14,65,5,0,0,579,447,10,435,1,77.2
Aragatsotn,AM-AG,Թալին,Դիան գյուղ,64,0,0,0,0,1,0,1,0,84,66,0,66,1,78.57
Aragatsotn,AM-AG,Թալին,Եղնիկ գյուղ,113,64,11,0,4,8,0,1,0,317,208,5,201,1,65.62
Aragatsotn,AM-AG,Թալին,Զարինջա գյուղ,295,46,6,9,3,30,3,2,1,516,405,10,395,1,78.49
Aragatsotn,AM-AG,Թալին,Զովասար գյուղ,229,33,7,5,1,7,2,0,0,413,337,53,284,1,81.6
Aragatsotn,AM-AG,Թալին,Թաթուլ գյուղ,331,103,12,9,1,34,3,3,0,683,503,7,496,1,73.65
Aragatsotn,AM-AG,Թալին,Թալին քաղաք,1558,894,276,67,196,141,84,11,3,5203,3346,65,3230,3,64.31
Aragatsotn,AM-AG,Թալին,Իրինդ գյուղ,313,110,14,2,6,12,2,0,0,604,470,11,459,1,77.81
Aragatsotn,AM-AG,Թալին,Լուսակն գյուղ,99,4,3,3,2,6,0,0,1,208,123,4,118,1,59.13
Aragatsotn,AM-AG,Թալին,Ծաղկասար գյուղ,40,12,0,0,0,3,0,0,0,73,56,0,55,1,76.71
Aragatsotn,AM-AG,Թալին,Կաթնաղբյուր գյուղ,292,197,21,8,37,162,11,4,1,1065,762,20,733,1,71.55
Aragatsotn,AM-AG,Թալին,Կարմրաշեն գյուղ,231,88,7,8,8,12,2,1,1,493,376,11,358,1,76.27
Aragatsotn,AM-AG,Թալին,Կաքավաձոր գյուղ,344,123,20,16,15,49,4,1,2,731,581,4,574,1,79.48
Aragatsotn,AM-AG,Թալին,Հացաշեն գյուղ,85,25,4,4,6,8,2,1,0,246,139,4,135,1,56.5
Aragatsotn,AM-AG,Թալին,Մաստարա գյուղ,461,422,25,62,37,32,17,1,2,2012,1095,34,1059,2,54.42
Aragatsotn,AM-AG,Թալին,Ներքին Բազմաբերդ գյուղ,564,97,79,76,60,27,3,3,1,1132,938,13,910,1,82.86
Aragatsotn,AM-AG,Թալին,Ներքին Սասնաշեն գյուղ,347,165,23,0,6,54,6,1,2,785,606,2,604,1,77.2
Aragatsotn,AM-AG,Թալին,Նոր Արթիկ գյուղ,147,69,18,40,14,1,0,3,0,404,298,6,292,1,73.76
Aragatsotn,AM-AG,Թալին,Շղարշիկ գյուղ,129,118,5,3,2,15,2,1,2,369,281,4,277,1,76.15
Aragatsotn,AM-AG,Թալին,Ոսկեթաս գյուղ,144,37,6,0,2,93,3,0,0,381,287,2,285,1,75.33
Aragatsotn,AM-AG,Թալին,Պարտիզակ գյուղ,111,55,8,10,8,3,1,0,0,261,199,3,196,1,76.25
Aragatsotn,AM-AG,Թալին,Սուսեր գյուղ,163,34,0,1,2,4,0,0,0,259,209,2,204,1,80.69
Aragatsotn,AM-AG,Թալին,Վերին Բազմաբերդ գյուղ,114,108,7,9,9,28,2,0,0,365,289,8,277,1,79.18
Aragatsotn,AM-AG,Թալին,Վերին Սասնաշեն գյուղ,128,95,10,0,4,13,2,1,2,292,257,1,255,1,88.01
Aragatsotn,AM-AG,Թալին,Ցամաքասար գյուղ,154,81,4,23,1,6,0,0,0,307,269,0,269,1,87.62
Aragatsotn,AM-AG,Ծաղկահովիտ,Բերքառատ գյուղ,259,60,13,70,3,6,2,0,0,673,413,0,413,1,61.37
Aragatsotn,AM-AG,Ծաղկահովիտ,Գեղադիր գյուղ,194,154,5,8,2,2,0,0,0,491,371,3,365,1,75.56
Aragatsotn,AM-AG,Ծաղկահովիտ,Գեղաձոր գյուղ,302,131,15,16,6,16,9,1,1,789,511,8,497,1,64.77
Aragatsotn,AM-AG,Ծաղկահովիտ,Գեղարոտ գյուղ,147,135,2,7,1,2,0,0,1,453,303,5,295,1,66.89
Aragatsotn,AM-AG,Ծաղկահովիտ,ԼԵռնապար գյուղ,138,114,11,8,3,0,2,0,1,371,285,5,277,1,76.82
Aragatsotn,AM-AG,Ծաղկահովիտ,Ծաղկահովիտ գյուղ,261,576,32,127,12,35,7,2,0,1559,1065,13,1052,1,68.31
Aragatsotn,AM-AG,Ծաղկահովիտ,Ծիլքար գյուղ,184,96,12,1,2,6,1,1,1,405,318,12,304,1,78.52
Aragatsotn,AM-AG,Ծաղկահովիտ,Հնաբերդ գյուղ,452,379,33,91,10,3,5,0,2,1496,1003,24,975,1,67.05
Aragatsotn,AM-AG,Ծաղկահովիտ,Նորաշեն (Արագած) գյուղ,340,171,16,4,7,4,7,0,0,902,581,17,549,1,64.41
Aragatsotn,AM-AG,Ծաղկահովիտ,Վարդաբլուր գյուղ,326,15,2,5,1,1,0,0,0,440,352,2,350,1,80.0
Aragatsotn,AM-AG,Մեծաձոր,Մեծաձոր գյուղ,36,1,0,0,0,0,0,0,0,129,43,6,37,1,33.33
Aragatsotn,AM-AG,Մեծաձոր,Օթեվան գյուղ,29,3,0,0,0,1,0,0,0,109,34,1,33,1,31.19
Aragatsotn,AM-AG,Շամիրամ,Շամիրամ,266,1,1,2,5,1,0,1,0,763,301,18,277,1,39.45
Ararat,AM-AR,Արարատ,Ավշար գյուղ,2089,329,75,22,22,36,2,1,1,3496,2662,62,2577,2,76.14
Ararat,AM-AR,Արարատ,Արարատ գյուղ,1996,1561,140,136,67,23,36,5,3,5771,4100,135,3967,3,71.04
Ararat,AM-AR,Արարատ,Արարատ քաղաք,3938,3952,315,396,238,145,59,13,15,13909,9455,314,9071,8,67.98
Ararat,AM-AR,Արարատ,Արմաշ գյուղ,732,468,24,89,51,47,11,2,4,2052,1510,52,1428,1,73.59
Ararat,AM-AR,Արարատ,Երասխ գյուղ,538,166,12,74,15,13,4,1,0,1007,847,24,823,1,84.11
Ararat,AM-AR,Արարատ,Զանգակատուն գյուղ,505,121,11,2,9,127,6,4,1,1036,811,19,786,1,78.28
Ararat,AM-AR,Արարատ,Լանջառ գյուղ,121,7,1,3,1,2,2,1,0,155,140,2,138,1,90.32
Ararat,AM-AR,Արարատ,Նոյակերտ գյուղ,752,167,22,17,4,23,4,0,0,1520,1002,13,989,1,65.92
Ararat,AM-AR,Արարատ,Ուրցալանջ գյուղ,66,5,3,0,1,31,0,1,0,123,109,1,107,1,88.62
Ararat,AM-AR,Արարատ,Պարույր Սեվակ գյուղ,240,72,8,14,10,14,3,1,0,512,372,10,362,1,72.66
Ararat,AM-AR,Արարատ,Սուրենավան գյուղ,362,614,50,115,62,164,9,2,1,1930,1406,27,1379,1,72.85
Ararat,AM-AR,Արարատ,Վարդաշատ գյուղ,95,4,0,1,0,27,0,0,0,154,132,5,127,1,85.71
Ararat,AM-AR,Արտաշատ,Աբովյան գյուղ,506,284,27,7,10,4,3,2,0,1130,879,20,843,1,77.79
Ararat,AM-AR,Արտաշատ,Ազատավան գյուղ,610,550,76,106,62,103,10,2,1,2403,1598,42,1520,2,66.5
Ararat,AM-AR,Արտաշատ,Այգեզարդ գյուղ,1006,506,54,101,32,126,7,3,3,2730,1947,83,1838,2,71.32
Ararat,AM-AR,Արտաշատ,Այգեպատ գյուղ,457,221,12,91,9,32,4,0,0,1122,851,25,826,1,75.85
Ararat,AM-AR,Արտաշատ,Այգեստան գյուղ,843,509,56,82,20,45,14,3,3,2230,1689,72,1575,2,75.74
Ararat,AM-AR,Արտաշատ,Արաքսավան գյուղ,372,43,15,34,6,8,5,0,0,653,494,11,483,1,75.65
Ararat,AM-AR,Արտաշատ,Արեվշատ գյուղ,763,172,28,131,22,37,10,0,0,1820,1181,18,1163,1,64.89
Ararat,AM-AR,Արտաշատ,Արտաշատ քաղաք,5726,3487,635,1407,477,327,86,29,21,20956,12915,674,12195,11,61.63
Ararat,AM-AR,Արտաշատ,Բաղրամյան գյուղ,501,260,37,9,35,45,7,5,1,1372,953,53,900,1,69.46
Ararat,AM-AR,Արտաշատ,Բարձրաշեն գյուղ,355,238,35,33,17,104,4,0,1,1176,820,31,787,1,69.73
Ararat,AM-AR,Արտաշատ,Բերդիկ գյուղ,339,80,9,35,7,10,2,0,0,705,483,1,482,1,68.51
Ararat,AM-AR,Արտաշատ,Բերքանուշ գյուղ,338,238,30,80,80,218,2,0,0,1417,1003,16,986,1,70.78
Ararat,AM-AR,Արտաշատ,Բյուրավան գյուղ,500,70,27,54,18,53,9,1,1,1071,767,21,733,1,71.62
Ararat,AM-AR,Արտաշատ,Բուրաստան գյուղ,506,472,27,32,24,64,2,2,2,1699,1189,42,1131,1,69.98
Ararat,AM-AR,Արտաշատ,Գետազատ գյուղ,801,322,6,51,6,19,5,2,2,1625,1265,34,1214,1,77.85
Ararat,AM-AR,Արտաշատ,Դալար գյուղ,594,404,79,83,47,32,9,8,2,2186,1320,49,1258,2,60.38
Ararat,AM-AR,Արտաշատ,Դեղձուտ գյուղ,551,9,6,17,4,126,0,0,0,793,716,3,713,1,90.29
Ararat,AM-AR,Արտաշատ,Դիմիտրով գյուղ,591,83,18,20,9,15,2,5,1,1101,766,21,744,1,69.57
Ararat,AM-AR,Արտաշատ,Դիտակ գյուղ,351,7,11,0,7,14,0,1,1,559,396,4,392,1,70.84
Ararat,AM-AR,Արտաշատ,Դվին գյուղ,929,565,54,60,34,75,6,1,3,2367,1784,57,1727,2,75.37
Ararat,AM-AR,Արտաշատ,Լանջազատ գյուղ,794,37,6,2,13,52,4,0,1,1168,927,7,909,1,79.37
Ararat,AM-AR,Արտաշատ,Կանաչուտ գյուղ,698,13,1,8,1,12,0,0,1,1017,751,17,734,1,73.84
Ararat,AM-AR,Արտաշատ,Հնաբերդ գյուղ,242,145,5,8,6,3,0,0,0,520,410,1,409,1,78.85
Ararat,AM-AR,Արտաշատ,Հովտաշեն գյուղ,413,151,20,77,18,22,3,1,2,924,738,16,707,1,79.87
Ararat,AM-AR,Արտաշատ,Մասիս գյուղ,554,113,13,169,7,17,0,4,0,1200,898,13,877,1,74.83
Ararat,AM-AR,Արտաշատ,Մասիս քաղաք,4616,4218,466,58,520,517,96,27,19,15547,11009,377,10537,9,70.81
Ararat,AM-AR,Արտաշատ,Մխչյան գյուղ,2096,230,52,31,38,22,13,8,1,3616,2614,72,2491,2,72.29
Ararat,AM-AR,Արտաշատ,Մրգանուշ գյուղ,423,54,21,1,9,119,1,3,0,895,648,17,631,1,72.4
Ararat,AM-AR,Արտաշատ,Մրգավան գյուղ,674,147,23,126,40,27,4,2,1,1483,1068,14,1044,1,72.02
Ararat,AM-AR,Արտաշատ,Մրգավետ գյուղ,890,139,12,11,11,42,8,3,0,1802,1218,102,1116,1,67.59
Ararat,AM-AR,Արտաշատ,Նարեկ գյուղ,393,241,10,15,12,7,10,1,3,895,708,10,692,1,79.11
Ararat,AM-AR,Արտաշատ,Նշավան գյուղ,657,76,106,34,24,24,12,3,2,1523,989,43,938,1,64.94
Ararat,AM-AR,Արտաշատ,Նորաշեն գյուղ,996,545,63,19,56,154,9,1,4,2666,1947,58,1847,2,73.03
Ararat,AM-AR,Արտաշատ,Շահումյան գյուղ,257,1159,70,80,75,29,21,5,5,3266,1818,89,1701,2,55.66
Ararat,AM-AR,Արտաշատ,Ոստան գյուղ,623,602,61,108,33,23,6,1,2,2462,1538,52,1459,2,62.47
Ararat,AM-AR,Արտաշատ,Ջրաշեն գյուղ,516,262,66,5,34,23,10,0,0,1353,954,21,916,1,70.51
Ararat,AM-AR,Արտաշատ,Վարդաշեն գյուղ,159,17,13,32,6,72,3,0,0,395,313,11,302,1,79.24
Ararat,AM-AR,Արտաշատ,Վերին Արտաշատ գյուղ,1201,491,111,128,85,42,6,1,2,3006,2133,60,2067,2,70.96
Ararat,AM-AR,Արտաշատ,Քաղցրաշեն գյուղ,744,260,73,18,23,552,8,0,0,2266,1756,47,1678,2,77.49
Ararat,AM-AR,Մասիս,Ազատաշեն գյուղ,15,376,10,1,6,4,0,0,0,547,422,6,412,1,77.15
Ararat,AM-AR,Մասիս,Այնթապ գյուղ,3035,1381,153,18,125,119,32,11,5,6641,5105,194,4879,4,76.87
Ararat,AM-AR,Մասիս,Արբաթ գյուղ,405,532,49,15,24,94,8,5,0,1509,1161,16,1132,1,76.94
Ararat,AM-AR,Մասիս,Արգավանդ գյուղ,636,270,84,4,32,32,5,3,0,1421,1101,23,1066,1,77.48
Ararat,AM-AR,Մասիս,Արեվաբույր գյուղ,368,236,11,1,10,20,4,3,0,859,677,21,653,1,78.81
Ararat,AM-AR,Մասիս,Գեղանիստ գյուղ,922,386,56,5,52,52,11,6,0,1978,1547,57,1490,1,78.21
Ararat,AM-AR,Մասիս,Գետափնյա գյուղ,392,268,49,2,39,31,1,4,1,1122,852,44,787,1,75.94
Ararat,AM-AR,Մասիս,Դաշտավան գյուղ,700,230,72,10,36,74,21,0,0,1562,1164,20,1143,1,74.52
Ararat,AM-AR,Մասիս,Դարակերտ գյուղ,940,189,88,4,60,36,6,10,0,1962,1398,40,1333,1,71.25
Ararat,AM-AR,Մասիս,Դարբնիկ գյուղ,428,93,7,5,10,12,6,1,2,883,588,21,564,1,66.59
Ararat,AM-AR,Մասիս,Զորակ գյուղ,530,200,21,19,27,10,8,3,1,1308,846,25,819,1,64.68
Ararat,AM-AR,Մասիս,Խաչփար գյուղ,699,222,42,9,23,26,19,2,1,1634,1105,48,1043,1,67.63
Ararat,AM-AR,Մասիս,Հայանիստ գյուղ,825,198,34,10,16,14,3,2,0,1863,1163,43,1102,1,62.43
Ararat,AM-AR,Մասիս,Հովտաշատ գյուղ,868,1212,52,8,47,20,17,6,1,3271,2325,66,2231,2,71.08
Ararat,AM-AR,Մասիս,Ղուկասավան գյուղ,259,93,42,50,21,692,6,0,0,1484,1195,32,1163,1,80.53
Ararat,AM-AR,Մասիս,Մարմարաշեն գյուղ,647,1022,71,1,27,30,13,2,1,2403,1876,49,1814,2,78.07
Ararat,AM-AR,Մասիս,Նիզամի գյուղ,307,214,19,8,15,23,6,7,1,917,635,24,600,1,69.25
Ararat,AM-AR,Մասիս,Նոր Խարբերդ գյուղ,1606,1920,104,13,80,169,8,5,2,5233,4019,104,3907,3,76.8
Ararat,AM-AR,Մասիս,Նոր Կյուրին գյուղ,179,343,17,9,14,4,0,4,0,761,589,19,570,1,77.4
Ararat,AM-AR,Մասիս,Նորաբաց գյուղ,718,459,44,13,35,46,9,1,3,1830,1367,39,1328,1,74.7
Ararat,AM-AR,Մասիս,Նորամարգ գյուղ,479,339,27,7,20,37,12,2,0,1524,1054,80,923,1,69.16
Ararat,AM-AR,Մասիս,Ջրահովիտ գյուղ,456,155,20,3,17,7,5,0,2,921,711,48,665,1,77.2
Ararat,AM-AR,Մասիս,Ռանչպար գյուղ,536,68,3,1,12,10,8,0,0,1031,787,31,638,1,76.33
Ararat,AM-AR,Մասիս,Սայաթ-Նովա գյուղ,498,658,18,4,6,22,2,1,0,1655,1248,32,1209,1,75.41
Ararat,AM-AR,Մասիս,Սիս գյուղ,498,149,9,4,11,27,1,0,1,1068,718,18,700,1,67.23
Ararat,AM-AR,Մասիս,Սիփանիկ գյուղ,142,108,3,2,3,0,5,0,0,399,267,4,263,1,66.92
Ararat,AM-AR,Վեդի,Այգավան գյուղ,725,745,127,57,72,262,27,6,3,3157,2131,90,2024,2,67.5
Ararat,AM-AR,Վեդի,Արալեզ գյուղ,486,351,143,12,47,37,17,4,2,1861,1181,82,1099,1,63.46
Ararat,AM-AR,Վեդի,Գինեվետ,170,113,27,8,1,18,6,2,0,506,366,21,345,1,72.33
Ararat,AM-AR,Վեդի,Գոռավան գյուղ,890,199,47,75,28,52,8,0,2,1888,1374,42,1301,1,72.78
Ararat,AM-AR,Վեդի,Դաշտաքար գյուղ,271,13,9,4,1,28,1,0,1,434,345,16,328,1,79.49
Ararat,AM-AR,Վեդի,Եղեգնավան գյուղ,448,184,2,7,5,12,1,0,0,987,681,22,659,1,69.0
Ararat,AM-AR,Վեդի,Լանջանիստ գյուղ,68,20,2,8,4,1,1,0,0,136,105,1,104,1,77.21
Ararat,AM-AR,Վեդի,Լուսաշող գյուղ,257,9,4,26,1,33,2,0,0,409,335,2,332,1,81.91
Ararat,AM-AR,Վեդի,Լուսառատ գյուղ,443,464,65,48,42,48,2,1,3,1882,1141,25,1116,1,60.63
Ararat,AM-AR,Վեդի,Նոր կյանք գյուղ,503,397,28,118,22,35,6,4,0,1927,1158,29,1113,1,60.09
Ararat,AM-AR,Վեդի,Նոր ուղի գյուղ,362,107,4,17,9,5,4,1,0,681,527,16,509,1,77.39
Ararat,AM-AR,Վեդի,Շաղափ գյուղ,318,122,16,29,1,25,3,0,0,666,523,9,514,1,78.53
Ararat,AM-AR,Վեդի,Ոսկետափ գյուղ,1216,631,66,50,49,77,12,1,2,3250,2187,54,2104,2,67.29
Ararat,AM-AR,Վեդի,Ուրցաձոր գյուղ,1088,278,24,87,28,97,10,9,0,2168,1651,27,1621,2,76.15
Ararat,AM-AR,Վեդի,Սիսավան գյուղ,926,161,13,27,9,46,2,2,0,1535,1201,15,1186,1,78.24
Ararat,AM-AR,Վեդի,Վանաշեն գյուղ,407,624,24,106,11,65,6,11,1,1818,1297,42,1255,1,71.34
Ararat,AM-AR,Վեդի,Վեդի քաղաք,3397,1141,169,1029,152,254,46,15,7,9449,6578,309,6210,5,69.62
Ararat,AM-AR,Վեդի,Տափերական գյուղ,1154,342,87,120,64,88,10,2,1,2998,1906,33,1868,2,63.58
Ararat,AM-AR,Վեդի,Փոքր Վեդի գյուղ,858,358,54,44,68,221,11,2,0,2349,1672,46,1616,2,71.18
Ararat,AM-AR,Վերին Դվին,Վերին Դվին,510,325,9,235,10,20,0,0,0,1646,1111,2,1109,1,67.5
Armavir,AM-AV,Արաքս,Ակնաշեն գյուղ,220,141,31,60,22,126,7,1,1,1251,639,27,609,1,51.08
Armavir,AM-AV,Արաքս,Ապագա գյուղ,556,151,28,102,63,35,7,0,5,1428,993,20,947,1,69.54
Armavir,AM-AV,Արաքս,Առատաշեն գյուղ,502,348,67,68,55,46,6,19,1,2086,1186,49,1112,2,56.86
Armavir,AM-AV,Արաքս,Արտիմետ գյուղ,43,262,60,36,12,259,0,0,0,1370,672,1,672,1,49.05
Armavir,AM-AV,Արաքս,Գայ գյուղ,745,379,43,144,113,25,20,5,4,2652,1573,70,1478,2,59.31
Armavir,AM-AV,Արաքս,Գրիբոյեդով գյուղ,263,228,25,57,35,67,15,4,1,1425,717,18,695,1,50.32
Armavir,AM-AV,Արաքս,Լուսագյուղ գյուղ,189,139,10,45,14,17,3,1,0,726,439,21,418,1,60.47
Armavir,AM-AV,Արաքս,Խորոնք գյուղ,609,266,45,62,54,63,10,3,1,1947,1185,72,1113,1,60.86
Armavir,AM-AV,Արաքս,Հայկաշեն գյուղ,466,40,23,24,10,4,1,1,0,966,605,26,569,1,62.63
Armavir,AM-AV,Արաքս,Մեծամոր գյուղ,234,171,20,82,15,8,13,4,2,908,582,24,549,1,64.1
Armavir,AM-AV,Արաքս,Մեծամոր քաղաք,1042,1240,361,417,1086,208,41,11,11,8804,4626,145,4417,5,52.54
Armavir,AM-AV,Արաքս,Ջրառատ գյուղ,477,236,63,107,66,37,20,4,4,2263,1076,62,1014,2,47.55
Armavir,AM-AV,Արաքս,Ջրարբի գյուղ,426,75,11,67,22,17,1,3,2,1066,643,10,624,1,60.32
Armavir,AM-AV,Արմավիր,Այգեվան  գյուղ,368,245,64,11,46,20,13,3,2,1279,793,21,772,1,62.0
Armavir,AM-AV,Արմավիր,Արաքս (Արմավիր) գյուղ,247,143,29,30,26,208,2,5,1,1204,711,20,691,1,59.05
Armavir,AM-AV,Արմավիր,Արաքս (Էջմիածին) գյուղ,306,133,33,22,57,17,38,3,1,1271,638,29,610,1,50.2
Armavir,AM-AV,Արմավիր,Արմավիր գյուղ,1038,330,122,114,28,63,8,3,7,2293,1752,27,1713,2,76.41
Armavir,AM-AV,Արմավիր,Արմավիր քաղաք,5358,4053,1221,826,1069,939,177,48,39,29411,14504,635,13730,16,49.31
Armavir,AM-AV,Արմավիր,Լենուղի գյուղ,373,222,31,14,31,32,1,1,3,1216,726,10,708,1,59.7
Armavir,AM-AV,Արմավիր,Լուկաշին գյուղ,773,184,40,37,38,44,5,3,2,1905,1130,5,1126,1,59.32
Armavir,AM-AV,Արմավիր,Խանջյան գյուղ,469,281,32,33,14,23,0,0,0,1426,880,28,852,1,61.71
Armavir,AM-AV,Արմավիր,Հացիկ գյուղ,206,681,76,40,27,14,5,2,1,1868,1100,26,1052,1,58.89
Armavir,AM-AV,Արմավիր,Մայիսյան գյուղ,307,213,74,39,49,36,4,0,1,1364,755,32,723,1,55.35
Armavir,AM-AV,Արմավիր,Մյասնիկյան գյուղ,741,615,51,24,69,66,12,4,5,2998,1654,63,1587,2,55.17
Armavir,AM-AV,Արմավիր,Նորավան գյուղ,342,73,46,40,16,23,7,1,2,970,572,16,550,1,58.97
Armavir,AM-AV,Արմավիր,Սարդարապատ գյուղ,2148,530,94,252,79,112,27,23,1,4313,3339,71,3266,3,77.42
Armavir,AM-AV,Բաղրամյան,Արգինա գյուղ,137,106,9,7,12,19,1,1,0,422,300,8,292,1,71.09
Armavir,AM-AV,Բաղրամյան,Արեվադաշտ գյուղ,97,70,5,10,8,6,1,0,1,320,208,10,198,1,65.0
Armavir,AM-AV,Բաղրամյան,Արտամետ գյուղ,82,16,1,0,0,0,1,0,1,171,103,2,101,1,60.23
Armavir,AM-AV,Բաղրամյան,Բագարան գյուղ,200,112,8,15,14,24,1,0,1,506,383,8,375,1,75.69
Armavir,AM-AV,Բաղրամյան,Բաղրամյան  (Էջմիածին) գյուղ,772,189,62,12,33,37,11,6,1,1990,1170,35,1123,1,58.79
Armavir,AM-AV,Բաղրամյան,Բաղրամյան (Բաղրամյան) գյուղ,151,58,33,12,12,61,7,2,0,734,348,7,336,1,47.41
Armavir,AM-AV,Բաղրամյան,Դալարիկ գյուղ,476,535,41,80,60,79,11,4,0,2851,1343,26,1286,2,47.11
Armavir,AM-AV,Բաղրամյան,Երվանդաշատ գյուղ,212,101,1,4,4,13,5,0,0,502,354,9,340,1,70.52
Armavir,AM-AV,Բաղրամյան,Լեռնագոգ գյուղ,630,198,29,35,34,97,1,0,0,1638,1033,9,1024,1,63.06
Armavir,AM-AV,Բաղրամյան,Կողբավան գյուղ,40,1,0,3,4,18,0,0,0,108,71,5,66,1,65.74
Armavir,AM-AV,Բաղրամյան,Հուշակերտ գյուղ,213,92,30,4,41,27,6,0,0,757,437,24,413,1,57.73
Armavir,AM-AV,Բաղրամյան,Շենիկ գյուղ,60,36,4,2,6,294,1,1,0,673,417,11,404,1,61.96
Armavir,AM-AV,Բաղրամյան,Վանանդ գյուղ,245,64,26,1,8,28,10,1,2,787,419,34,385,1,53.24
Armavir,AM-AV,Բաղրամյան,Տալվորիկ գյուղ,59,43,2,1,6,8,1,0,0,252,125,5,120,1,49.6
Armavir,AM-AV,Բաղրամյան,Քարակերտ գյուղ,823,303,120,10,81,267,15,3,3,3132,1701,76,1625,2,54.31
Armavir,AM-AV,Մեծամոր,Ալաշկերտ գյուղ,361,133,65,73,24,23,9,7,2,1388,744,23,697,1,53.6
Armavir,AM-AV,Մեծամոր,Ակնալիճ գյուղ,775,214,44,31,51,78,7,3,8,2162,1269,54,1211,2,58.7
Armavir,AM-AV,Մեծամոր,Ամասիա գյուղ,65,170,17,49,12,83,5,0,0,745,412,11,401,1,55.3
Armavir,AM-AV,Մեծամոր,Այգեշատ (Արմավիր) գյուղ,435,87,6,10,18,293,5,1,10,1400,882,9,865,1,63.0
Armavir,AM-AV,Մեծամոր,Այգեշատ (Էջմիածին) գյուղ,581,120,32,16,19,11,7,3,2,1233,803,12,791,1,65.13
Armavir,AM-AV,Մեծամոր,Արազափ գյուղ,466,93,21,3,8,3,5,1,1,1018,652,38,601,1,64.05
Armavir,AM-AV,Մեծամոր,Արգավանդ գյուղ,226,288,41,54,31,111,6,3,1,1725,812,36,761,1,47.07
Armavir,AM-AV,Մեծամոր,Արեվիկ գյուղ,277,227,55,140,39,59,10,3,2,1950,849,30,812,1,43.54
Armavir,AM-AV,Մեծամոր,Արտաշար գյուղ,178,109,7,58,4,80,2,2,0,702,458,6,440,1,65.24
Armavir,AM-AV,Մեծամոր,Բամբակաշատ գյուղ,734,553,117,44,65,40,13,3,9,2650,1638,44,1578,2,61.81
Armavir,AM-AV,Մեծամոր,Բերքաշատ գյուղ,240,29,3,1,2,6,0,0,3,407,297,13,284,1,72.97
Armavir,AM-AV,Մեծամոր,Գետաշեն գյուղ,592,162,40,36,38,8,8,3,5,1727,938,34,892,1,54.31
Armavir,AM-AV,Մեծամոր,Եղեգնուտ գյուղ,287,272,22,11,4,62,2,1,0,1367,700,34,661,1,51.21
Armavir,AM-AV,Մեծամոր,Երասխահուն գյուղ,438,128,31,81,5,29,4,1,0,1024,719,2,717,1,70.21
Armavir,AM-AV,Մեծամոր,Զարթոնք գյուղ,426,138,12,35,14,13,8,0,0,1437,685,30,646,1,47.67
Armavir,AM-AV,Մեծամոր,Հայկավան գյուղ,246,138,38,10,28,36,7,2,2,1088,529,14,507,1,48.62
Armavir,AM-AV,Մեծամոր,Մարգարա գյուղ,404,70,20,48,7,9,5,0,0,1022,578,15,563,1,56.56
Armavir,AM-AV,Մեծամոր,Մրգաշատ գյուղ,1245,373,69,333,102,196,17,6,9,3988,2429,45,2350,3,60.91
Armavir,AM-AV,Մեծամոր,Նալբանդյան գյուղ,804,317,153,90,44,146,26,6,1,3171,1642,55,1587,2,51.78
Armavir,AM-AV,Մեծամոր,Նոր Արմավիր գյուղ,498,141,51,98,34,53,0,0,0,1450,881,6,875,1,60.76
Armavir,AM-AV,Մեծամոր,Նոր Արտագերս գյուղ,178,216,20,119,18,28,5,18,3,1252,622,12,605,1,49.68
Armavir,AM-AV,Մեծամոր,Նոր Կեսարիա գյուղ,459,145,22,24,11,14,1,1,1,1096,713,20,678,1,65.05
Armavir,AM-AV,Մեծամոր,Նորապատ գյուղ,312,163,59,109,66,33,5,3,1,1731,802,42,751,1,46.33
Armavir,AM-AV,Մեծամոր,Շենավան գյուղ,281,205,16,72,9,41,7,2,1,1196,682,37,634,1,57.02
Armavir,AM-AV,Մեծամոր,Ջանֆիդա գյուղ,647,566,53,102,32,67,13,2,5,2308,1552,49,1487,2,67.24
Armavir,AM-AV,Մեծամոր,Ջրաշեն գյուղ,122,93,10,64,16,20,4,2,0,619,346,11,331,1,55.9
Armavir,AM-AV,Մեծամոր,Վարդանաշեն գյուղ,129,70,17,111,16,93,1,1,1,777,448,9,439,1,57.66
Armavir,AM-AV,Մեծամոր,Տանձուտ գյուղ,390,267,41,54,42,25,6,4,5,1454,886,28,834,1,60.94
Armavir,AM-AV,Մեծամոր,Տարոնիկ գյուղ,309,284,6,126,13,46,2,0,2,1561,809,21,788,1,51.83
Armavir,AM-AV,Մեծամոր,Փշատավան գյուղ,539,128,50,87,37,49,17,5,3,1658,963,34,915,1,58.08
Armavir,AM-AV,Վաղարշապատ,Աղավնատուն գյուղ,535,225,73,157,64,57,22,11,1,2475,1213,38,1145,2,49.01
Armavir,AM-AV,Վաղարշապատ,Ամբերդ գյուղ,602,152,6,33,3,177,0,0,0,1070,978,5,973,1,91.4
Armavir,AM-AV,Վաղարշապատ,Արագած գյուղ,909,185,124,204,29,61,13,5,4,2158,1598,42,1534,2,74.05
Armavir,AM-AV,Վաղարշապատ,Արշալույս գյուղ,895,247,95,63,176,79,27,7,8,2878,1684,77,1597,2,58.51
Armavir,AM-AV,Վաղարշապատ,Գեղակերտ գյուղ,312,320,34,141,62,48,31,4,29,2034,1023,33,981,2,50.29
Armavir,AM-AV,Վաղարշապատ,Դաշտ գյուղ,219,165,11,19,10,3,1,0,1,695,441,13,429,1,63.45
Armavir,AM-AV,Վաղարշապատ,Դողս գյուղ,367,62,28,37,21,97,8,0,0,1137,625,5,620,1,54.97
Armavir,AM-AV,Վաղարշապատ,Էջմիածին քաղաք,9605,6107,1438,1316,2147,888,340,84,41,43129,23084,938,21966,23,53.52
Armavir,AM-AV,Վաղարշապատ,Լեռնամերձ գյուղ,150,75,2,35,2,73,4,0,0,374,341,0,341,1,91.18
Armavir,AM-AV,Վաղարշապատ,Ծաղկալանջ գյուղ,319,164,16,2,22,28,8,2,2,1126,587,24,563,1,52.13
Armavir,AM-AV,Վաղարշապատ,Ծաղկունք գյուղ,427,69,22,4,16,14,6,1,1,981,620,57,560,1,63.2
Armavir,AM-AV,Վաղարշապատ,Ծիածան գյուղ,210,108,27,24,40,32,16,1,1,874,475,11,459,1,54.35
Armavir,AM-AV,Վաղարշապատ,Հայթաղ գյուղ,818,260,54,159,62,68,44,5,4,2098,1505,25,1474,2,71.73
Armavir,AM-AV,Վաղարշապատ,Հովտամեջ գյուղ,373,64,17,47,10,30,8,2,2,899,571,18,553,1,63.52
Armavir,AM-AV,Վաղարշապատ,Մոնթեավան գյուղ,165,75,13,72,12,5,9,2,1,681,370,16,354,1,54.33
Armavir,AM-AV,Վաղարշապատ,Մրգաստան գյուղ,409,194,7,100,2,41,10,0,0,891,765,2,763,1,85.86
Armavir,AM-AV,Վաղարշապատ,Շահումյան գյուղ,383,195,9,78,15,62,9,2,1,1000,782,28,754,1,78.2
Armavir,AM-AV,Վաղարշապատ,Ոսկեհատ գյուղ,502,434,28,34,49,60,16,1,0,2144,1183,59,1124,2,55.18
Armavir,AM-AV,Փարաքար,Այգեկ գյուղ,614,47,5,1,14,23,0,0,0,1101,747,40,704,1,67.85
Armavir,AM-AV,Փարաքար,Արեվաշատ գյուղ,428,196,31,20,20,15,10,3,2,1297,760,24,725,1,58.6
Armavir,AM-AV,Փարաքար,Մերձավան գյուղ,1061,232,58,14,99,37,16,3,4,2749,1629,85,1524,2,59.26
Armavir,AM-AV,Փարաքար,Մուսալեռ գյուղ,453,472,103,19,75,26,10,2,1,2114,1200,35,1161,2,56.76
Armavir,AM-AV,Փարաքար,Նորակերտ գյուղ,637,274,51,13,73,53,15,5,1,2229,1187,59,1122,2,53.25
Armavir,AM-AV,Փարաքար,Պտղունք գյուղ,233,251,42,44,87,29,10,4,5,1394,735,30,705,1,52.73
Armavir,AM-AV,Փարաքար,Փարաքար գյուղ,1430,798,317,29,234,123,54,14,15,6240,3196,162,3014,4,51.22
Armavir,AM-AV,Ֆերիկ,Ֆերիկ,94,15,1,26,0,10,0,0,0,314,151,4,146,1,48.09
Gegharkunik,AM-GR,Գավառ,Բերդկունք գյուղ,70,65,1,8,2,5,0,2,0,201,156,3,153,1,77.61
Gegharkunik,AM-GR,Գավառ,Գանձակ գյուղ,784,836,37,107,35,103,44,7,1,3315,2005,51,1954,2,60.48
Gegharkunik,AM-GR,Գավառ,Գավառ քաղաք,3452,6781,433,316,356,727,122,37,30,22699,12865,431,12254,12,56.68
Gegharkunik,AM-GR,Գավառ,Գեղարքունիք գյուղ,511,220,4,11,4,121,1,1,2,1423,902,9,875,1,63.39
Gegharkunik,AM-GR,Գավառ,Լանջաղբյուր գյուղ,897,261,2,17,2,58,0,0,1,1749,1252,2,1238,1,71.58
Gegharkunik,AM-GR,Գավառ,Լճափ գյուղ,316,190,8,72,15,18,1,0,0,863,639,12,620,1,74.04
Gegharkunik,AM-GR,Գավառ,Ծաղկաշեն գյուղ,180,69,2,1,1,7,1,1,0,392,272,10,262,1,69.39
Gegharkunik,AM-GR,Գավառ,Ծովազարդ գյուղ,503,361,36,89,25,110,10,3,3,1582,1175,18,1140,1,74.27
Gegharkunik,AM-GR,Գավառ,Կարմիրգյուղ գյուղ,803,1084,78,436,36,54,19,3,1,4482,2613,87,2514,3,58.3
Gegharkunik,AM-GR,Գավառ,Հայրավանք գյուղ,332,28,6,40,2,8,5,1,0,603,443,13,422,1,73.47
Gegharkunik,AM-GR,Գավառ,Նորատուս գյուղ,1190,720,63,86,49,588,21,9,1,4442,2811,69,2727,3,63.28
Gegharkunik,AM-GR,Գավառ,Սարուխան գյուղ,1868,963,76,55,42,57,26,4,5,5896,3264,114,3096,3,55.36
Gegharkunik,AM-GR,Ճամբարակ,Աղբերք գյուղ,119,52,2,8,0,2,3,0,0,243,195,7,186,1,80.25
Gegharkunik,AM-GR,Ճամբարակ,Այգուտ գյուղ,265,156,6,17,1,1,1,0,0,636,472,25,447,1,74.21
Gegharkunik,AM-GR,Ճամբարակ,Անտառամեջ գյուղ,70,52,0,1,0,0,0,0,0,157,124,1,123,1,78.98
Gegharkunik,AM-GR,Ճամբարակ,Արտանիշ գյուղ,289,90,8,19,0,23,1,0,0,455,434,4,430,1,95.38
Gegharkunik,AM-GR,Ճամբարակ,Գետիկ գյուղ,126,92,3,45,1,30,4,1,0,360,309,7,302,1,85.83
Gegharkunik,AM-GR,Ճամբարակ,Դպրաբակ գյուղ,217,94,1,4,2,19,1,0,0,405,343,5,338,1,84.69
Gegharkunik,AM-GR,Ճամբարակ,Դրախտիկ գյուղ,107,426,9,20,1,20,1,0,0,721,613,22,584,1,85.02
Gegharkunik,AM-GR,Ճամբարակ,Թթուջուր գյուղ,267,306,25,14,2,11,4,0,0,792,658,14,629,1,83.08
Gegharkunik,AM-GR,Ճամբարակ,Ծափաթաղ գյուղ,127,15,5,5,2,14,0,0,0,192,173,5,168,1,90.1
Gegharkunik,AM-GR,Ճամբարակ,Կալավան գյուղ,73,49,1,2,0,7,1,1,0,160,137,2,134,1,85.62
Gegharkunik,AM-GR,Ճամբարակ,Ձորավանք գյուղ,94,9,0,0,1,7,1,0,0,128,113,0,112,1,88.28
Gegharkunik,AM-GR,Ճամբարակ,Ճամբարակ քաղաք,2636,1701,179,163,36,135,21,10,1,5999,5103,142,4882,4,85.06
Gegharkunik,AM-GR,Ճամբարակ,Շողակաթ գյուղ,257,72,9,9,3,6,1,1,2,412,365,5,360,1,88.59
Gegharkunik,AM-GR,Ճամբարակ,Ջիլ գյուղ,195,92,6,22,3,26,4,1,1,465,360,5,350,1,77.42
Gegharkunik,AM-GR,Ճամբարակ,Վահան գյուղ,249,427,15,55,3,17,1,2,0,910,798,8,769,1,87.69
Gegharkunik,AM-GR,Մարտունի,Աստղաձոր գյուղ,884,395,97,210,30,40,16,7,0,2893,1745,57,1679,2,60.32
Gegharkunik,AM-GR,Մարտունի,Արծվանիստ գյուղ,625,389,51,82,14,24,11,3,2,2078,1253,52,1201,2,60.3
Gegharkunik,AM-GR,Մարտունի,Գեղհովիտ գյուղ,237,1231,134,345,45,421,18,6,4,4336,2536,67,2441,4,58.49
Gegharkunik,AM-GR,Մարտունի,Երանոս գյուղ,1140,682,66,81,15,20,12,1,0,3653,2065,48,2017,2,56.53
Gegharkunik,AM-GR,Մարտունի,Զոլաքար գյուղ,1983,512,162,256,53,176,19,1,5,4777,3292,46,3167,3,68.91
Gegharkunik,AM-GR,Մարտունի,Լիճք գյուղ,371,816,56,120,17,132,15,2,3,3380,1635,81,1532,2,48.37
Gegharkunik,AM-GR,Մարտունի,Ծակքար գյուղ,572,463,11,84,5,15,8,1,1,1902,1189,29,1160,1,62.51
Gegharkunik,AM-GR,Մարտունի,Ծովասար գյուղ,118,311,23,102,11,200,1,0,2,1912,802,29,768,1,41.95
Gegharkunik,AM-GR,Մարտունի,Ծովինար գյուղ,1338,239,82,160,39,135,9,1,2,3300,2018,13,2005,2,61.15
Gegharkunik,AM-GR,Մարտունի,Ձորագյուղ գյուղ,1265,245,18,45,9,79,15,1,1,3076,1744,66,1678,2,56.7
Gegharkunik,AM-GR,Մարտունի,Մադինա գյուղ,272,84,22,46,8,35,7,1,3,723,498,20,478,1,68.88
Gegharkunik,AM-GR,Մարտունի,Մարտունի գյուղ,183,155,8,11,2,8,0,0,0,436,369,0,367,1,84.63
Gegharkunik,AM-GR,Մարտունի,Մարտունի քաղաք,2669,1710,554,437,175,160,108,15,9,9883,6129,253,5837,5,62.02
Gegharkunik,AM-GR,Մարտունի,Ներքին Գետաշեն գյուղ,1207,1247,83,318,60,194,9,5,6,5880,3211,68,3129,3,54.61
Gegharkunik,AM-GR,Մարտունի,Վաղաշեն գյուղ,908,353,133,131,32,77,17,4,0,2843,1712,50,1655,2,60.22
Gegharkunik,AM-GR,Մարտունի,Վարդաձոր գյուղ,650,167,13,109,4,10,9,0,0,1838,1014,35,962,1,55.17
Gegharkunik,AM-GR,Մարտունի,Վարդենիկ գյուղ,1416,575,68,1056,16,216,1,1,5,6294,3419,27,3354,4,54.32
Gegharkunik,AM-GR,Մարտունի,Վերին Գետաշեն գյուղ,1066,394,64,181,40,17,12,4,7,3070,1859,54,1785,2,60.55
Gegharkunik,AM-GR,Սեվան,Գեղամավան գյուղ,403,212,33,12,6,320,3,2,0,1314,999,8,991,1,76.03
Gegharkunik,AM-GR,Սեվան,Դդմաշեն գյուղ,623,159,32,440,0,159,0,0,0,1971,1417,4,1413,1,71.89
Gegharkunik,AM-GR,Սեվան,Զովաբեր գյուղ,444,230,17,82,4,117,1,0,0,1156,914,18,895,1,79.07
Gegharkunik,AM-GR,Սեվան,Լճաշեն գյուղ,830,545,143,51,32,453,27,3,2,3166,2160,48,2086,2,68.22
Gegharkunik,AM-GR,Սեվան,Ծաղկունք գյուղ,383,176,3,9,0,56,0,0,0,770,635,8,627,1,82.47
Gegharkunik,AM-GR,Սեվան,Ծովագյուղ գյուղ,721,1116,124,72,20,36,14,7,0,2944,2211,54,2110,2,75.1
Gegharkunik,AM-GR,Սեվան,Նորաշեն գյուղ,171,59,3,17,2,8,1,0,0,354,271,10,261,1,76.55
Gegharkunik,AM-GR,Սեվան,Չկալովկա գյուղ,170,98,14,2,3,6,6,1,2,397,314,12,302,1,79.09
Gegharkunik,AM-GR,Սեվան,Սեմյոնովկա գյուղ,52,99,1,2,0,8,0,0,0,223,164,2,162,1,73.54
Gegharkunik,AM-GR,Սեվան,Սեվան քաղաք,5046,5375,571,493,306,816,81,30,39,19304,13355,415,12757,12,69.18
Gegharkunik,AM-GR,Սեվան,Վարսեր գյուղ,645,312,35,61,13,97,9,3,6,1630,1235,54,1181,1,75.77
Gegharkunik,AM-GR,Վարդենիս,Ազատ գյուղ,32,58,2,16,2,1,0,0,0,114,111,0,111,1,97.37
Gegharkunik,AM-GR,Վարդենիս,Ախպրաձոր գյուղ,71,29,2,38,1,32,0,0,0,216,173,0,173,1,80.09
Gegharkunik,AM-GR,Վարդենիս,Ակունք գյուղ,1144,661,31,40,5,250,7,8,2,2990,2261,99,2148,2,75.62
Gegharkunik,AM-GR,Վարդենիս,Այրք գյուղ,137,130,3,15,0,34,0,0,0,339,320,0,319,1,94.4
Gegharkunik,AM-GR,Վարդենիս,Ավազան գյուղ,110,19,0,12,0,6,0,0,0,175,149,2,147,1,85.14
Gegharkunik,AM-GR,Վարդենիս,Արեգունի գյուղ,54,78,10,20,1,10,0,0,1,249,181,6,174,1,72.69
Gegharkunik,AM-GR,Վարդենիս,Արփունք գյուղ,174,49,1,12,1,5,1,0,0,339,249,6,243,1,73.45
Gegharkunik,AM-GR,Վարդենիս,Գեղամաբակ գյուղ,69,10,1,1,1,1,0,0,0,110,86,2,83,1,78.18
Gegharkunik,AM-GR,Վարդենիս,Գեղամասար գյուղ,443,130,5,26,4,26,0,0,0,772,634,0,634,1,82.12
Gegharkunik,AM-GR,Վարդենիս,Գեղաքար գյուղ,56,27,0,9,0,15,0,0,0,121,107,0,107,1,88.43
Gegharkunik,AM-GR,Վարդենիս,Դարանակ գյուղ,79,20,6,11,1,8,0,0,0,172,132,7,125,1,76.74
Gegharkunik,AM-GR,Վարդենիս,Լճավան գյուղ,105,122,8,36,7,23,0,9,0,401,320,10,310,1,79.8
Gegharkunik,AM-GR,Վարդենիս,Լուսակունք գյուղ,383,130,9,211,57,81,1,0,0,1118,877,5,872,1,78.44
Gegharkunik,AM-GR,Վարդենիս,Խաչաղբյուր գյուղ,213,93,29,67,3,176,3,0,3,856,609,4,587,1,71.14
Gegharkunik,AM-GR,Վարդենիս,Ծովակ գյուղ,1294,146,2,74,12,77,0,0,0,1945,1607,2,1605,1,82.62
Gegharkunik,AM-GR,Վարդենիս,Կախակն գյուղ,110,75,1,12,0,22,1,1,0,301,232,5,222,1,77.08
Gegharkunik,AM-GR,Վարդենիս,Կարճաղբյուր գյուղ,1036,384,12,52,11,76,4,0,1,1964,1580,4,1576,1,80.45
Gegharkunik,AM-GR,Վարդենիս,Կութ գյուղ,1175,25,0,2,4,1,3,0,1,1260,1230,19,1211,1,97.62
Gegharkunik,AM-GR,Վարդենիս,Կուտական գյուղ,45,39,0,11,0,5,0,0,0,149,102,1,100,1,68.46
Gegharkunik,AM-GR,Վարդենիս,Մաքենիս գյուղ,26,94,4,18,0,92,0,2,0,332,236,0,236,1,71.08
Gegharkunik,AM-GR,Վարդենիս,Մեծ Մասրիկ գյուղ,707,403,56,77,18,146,17,5,0,1916,1500,45,1429,1,78.29
Gegharkunik,AM-GR,Վարդենիս,Ներքին Շորժա գյուղ,53,2,0,0,0,0,0,0,0,71,58,3,55,1,81.69
Gegharkunik,AM-GR,Վարդենիս,Նորաբակ գյուղ,182,36,3,0,2,16,1,2,0,298,249,7,242,1,83.56
Gegharkunik,AM-GR,Վարդենիս,Նորակերտ գյուղ,422,62,29,27,7,21,0,0,0,634,568,0,568,1,89.59
Gegharkunik,AM-GR,Վարդենիս,Շատջրեք գյուղ,144,40,2,15,2,14,0,0,0,281,218,1,217,1,77.58
Gegharkunik,AM-GR,Վարդենիս,Շատվան գյուղ,155,140,1,11,0,5,0,1,1,409,322,8,314,1,78.73
Gegharkunik,AM-GR,Վարդենիս,Ջաղացաձոր գյուղ,65,29,0,0,0,0,0,0,0,96,94,0,94,1,97.92
Gegharkunik,AM-GR,Վարդենիս,Սոթք գյուղ,1084,71,11,13,4,35,1,0,0,1440,1188,26,1219,1,82.5
Gegharkunik,AM-GR,Վարդենիս,Վանեվան գյուղ,97,47,6,34,5,27,0,0,0,244,217,1,216,1,88.93
Gegharkunik,AM-GR,Վարդենիս,Վարդենիս քաղաք,2597,2861,433,497,132,468,15,7,6,10141,7296,221,7016,6,71.95
Gegharkunik,AM-GR,Վարդենիս,Վերին Շորժա գյուղ,27,5,0,0,0,0,0,0,0,36,33,1,32,1,91.67
Gegharkunik,AM-GR,Վարդենիս,Տորֆավան գյուղ,125,49,1,47,1,15,0,0,0,271,238,0,238,1,87.82
Gegharkunik,AM-GR,Վարդենիս,Տրետուք գյուղ,59,73,1,6,3,4,1,0,0,174,150,3,147,1,86.21
Gegharkunik,AM-GR,Վարդենիս,Փամբակ գյուղ,217,31,0,5,0,0,1,0,0,318,265,9,254,1,83.33
Gegharkunik,AM-GR,Վարդենիս,Փոքր Մասրիկ գյուղ,326,80,2,1,8,6,0,0,1,544,434,5,424,1,79.78
Kotayk,AM-KT,Աբովյան,Աբովյան քաղաք,2331,15126,1245,451,1018,1210,220,59,34,42028,22500,685,21694,25,53.54
Kotayk,AM-KT,Աբովյան,Առինջ գյուղ,48,3754,29,17,23,14,2,0,0,4492,3932,45,3887,3,87.53
Kotayk,AM-KT,Աբովյան,Արամուս գյուղ,877,1192,27,15,16,54,8,4,3,2825,2279,70,2196,2,80.67
Kotayk,AM-KT,Աբովյան,Բալահովիտ գյուղ,634,1186,88,7,60,31,17,5,3,3258,2133,69,2031,2,65.47
Kotayk,AM-KT,Աբովյան,Գեղաշեն գյուղ,1288,723,98,93,19,17,0,0,0,3241,2290,43,2238,2,70.66
Kotayk,AM-KT,Աբովյան,Գետարգել գյուղ,8,481,4,2,5,2,2,0,0,611,509,4,504,1,83.31
Kotayk,AM-KT,Աբովյան,Կաթնաղբյուր գյուղ,144,206,11,0,5,2,0,2,0,445,380,6,370,1,85.39
Kotayk,AM-KT,Աբովյան,Կամարիս գյուղ,142,905,61,20,12,25,3,4,2,1652,1196,22,1174,1,72.4
Kotayk,AM-KT,Աբովյան,Մայակովսկի գյուղ,81,751,14,14,25,11,5,1,0,1639,937,35,902,1,57.17
Kotayk,AM-KT,Աբովյան,Պտղնի գյուղ,29,538,20,1,17,1,2,0,0,1182,622,14,608,1,52.62
Kotayk,AM-KT,Աբովյան,Վերին Պտղնի գյուղ,12,487,6,0,0,12,0,0,0,737,517,0,517,1,70.15
Kotayk,AM-KT,Ակունք,Ակունք գյուղ,504,504,2,29,0,88,0,0,0,1571,1131,4,1127,1,71.99
Kotayk,AM-KT,Ակունք,Զառ գյուղ,103,628,21,2,3,7,0,0,1,1121,797,22,765,1,71.1
Kotayk,AM-KT,Ակունք,Զովաշեն գյուղ,3,102,0,0,0,0,0,0,0,130,108,3,105,1,83.08
Kotayk,AM-KT,Ակունք,Կապուտան գյուղ,20,700,6,7,6,0,1,0,0,970,761,19,740,1,78.45
Kotayk,AM-KT,Ակունք,Կոտայք գյուղ,70,651,27,35,14,10,1,1,1,1371,829,19,810,1,60.47
Kotayk,AM-KT,Ակունք,Հատիս գյուղ,16,187,4,0,1,8,0,1,0,290,218,1,217,1,75.17
Kotayk,AM-KT,Ակունք,Նոր գյուղ գյուղ,182,652,16,6,24,8,1,0,0,1229,914,13,889,2,74.37
Kotayk,AM-KT,Ակունք,Սեվաբերդ գյուղ,25,104,1,1,0,0,0,0,0,186,133,2,131,1,71.51
Kotayk,AM-KT,Արզնի,Արզնի,448,515,23,23,21,18,7,6,2,1966,1138,71,1063,1,57.88
Kotayk,AM-KT,Բյուրեղավան,Բյուրեղավան քաղաք,1436,2736,109,117,159,147,26,5,2,7863,4906,136,4737,4,62.39
Kotayk,AM-KT,Բյուրեղավան,Նուռնուս գյուղ,51,219,2,3,2,3,2,0,0,423,287,5,282,1,67.85
Kotayk,AM-KT,Բյուրեղավան,Ջրաբեր գյուղ,57,147,10,0,5,1,0,0,0,304,223,3,220,1,73.36
Kotayk,AM-KT,Գառնի,Գառնի գյուղ,1188,2373,152,7,38,297,19,3,1,5696,4287,121,4078,4,75.26
Kotayk,AM-KT,Գառնի,Գեղադիր գյուղ,71,336,11,2,5,5,0,0,0,544,440,10,430,1,80.88
Kotayk,AM-KT,Գառնի,Գեղարդ գյուղ,43,155,1,1,1,1,0,0,1,254,206,2,203,1,81.1
Kotayk,AM-KT,Գառնի,Գողթ գյուղ,493,670,44,0,5,24,0,2,0,1462,1250,6,1238,1,85.5
Kotayk,AM-KT,Գառնի,Հացավան գյուղ,101,230,8,1,3,3,0,0,0,475,354,8,346,1,74.53
Kotayk,AM-KT,Գառնի,Ողջաբերդ գյուղ,148,380,11,2,8,17,2,0,0,717,582,9,568,1,81.17
Kotayk,AM-KT,Ծաղկաձոր,Աղավնաձոր գյուղ,447,190,12,13,2,19,4,1,0,958,705,12,688,1,73.59
Kotayk,AM-KT,Ծաղկաձոր,Արտավազ գյուղ,254,124,11,1,1,27,1,0,0,646,430,11,419,2,66.56
Kotayk,AM-KT,Ծաղկաձոր,Ծաղկաձոր քաղաք,417,195,151,25,38,39,16,2,0,1190,910,16,883,1,76.47
Kotayk,AM-KT,Ծաղկաձոր,Հանքավան գյուղ,30,20,1,0,0,3,0,0,0,85,55,1,54,1,64.71
Kotayk,AM-KT,Ծաղկաձոր,Մարմարիկ գյուղ,238,95,10,2,2,119,0,0,0,578,473,7,466,1,81.83
Kotayk,AM-KT,Ծաղկաձոր,Մեղրաձոր գյուղ,536,300,110,123,12,194,5,7,0,1977,1337,33,1287,1,67.63
Kotayk,AM-KT,Հրազդան,Լեռնանիստ գյուղ,555,707,106,10,12,28,29,3,0,2080,1500,50,1450,2,72.12
Kotayk,AM-KT,Հրազդան,Հրազդան քաղաք,9866,8453,3408,999,731,1566,369,66,24,43906,26536,728,25482,27,60.44
Kotayk,AM-KT,Հրազդան,Ջրառատ գյուղ,132,88,16,10,3,21,2,0,0,426,279,7,272,1,65.49
Kotayk,AM-KT,Հրազդան,Սոլակ գյուղ,714,326,129,40,49,35,17,5,0,1880,1361,33,1315,1,72.39
Kotayk,AM-KT,Հրազդան,Քաղսի գյուղ,517,415,235,80,3,133,7,0,0,1910,1391,1,1390,1,72.83
Kotayk,AM-KT,Նաիրի,Արագյուղ գյուղ,251,344,29,13,8,20,1,1,0,852,684,9,667,1,80.28
Kotayk,AM-KT,Նաիրի,Բուժական գյուղ,626,273,59,52,10,49,6,1,0,1308,1093,17,1076,1,83.56
Kotayk,AM-KT,Նաիրի,Եղվարդ քաղաք,4282,1702,531,133,361,195,73,29,10,10442,7544,231,7316,6,72.25
Kotayk,AM-KT,Նաիրի,Զովունի գյուղ,1498,731,194,85,78,78,17,5,2,4301,2851,108,2688,3,66.29
Kotayk,AM-KT,Նաիրի,Զորավան գյուղ,476,204,35,20,21,45,2,5,0,1185,844,26,808,1,71.22
Kotayk,AM-KT,Նաիրի,Նոր Երզնկա գյուղ,637,210,38,18,25,34,1,3,0,1371,998,32,966,1,72.79
Kotayk,AM-KT,Նաիրի,Պռոշյան գյուղ,1095,662,172,71,113,438,15,6,1,3859,2684,107,2573,2,69.55
Kotayk,AM-KT,Նաիրի,Սարալանջ գյուղ,192,10,1,0,1,0,0,1,0,255,208,3,205,1,81.57
Kotayk,AM-KT,Նաիրի,Քասախ գյուղ,1032,991,130,131,42,360,1,0,0,4016,2753,65,2687,2,68.55
Kotayk,AM-KT,Նոր Հաճըն,Արգել գյուղ,1310,409,38,70,27,54,9,4,7,2856,1972,30,1928,2,69.05
Kotayk,AM-KT,Նոր Հաճըն,Գետամեջ գյուղ,112,192,9,21,20,10,11,1,0,604,399,23,376,1,66.06
Kotayk,AM-KT,Նոր Հաճըն,Թեղենիք գյուղ,58,227,7,4,3,8,1,0,0,435,313,5,308,1,71.95
Kotayk,AM-KT,Նոր Հաճըն,Մրգաշեն գյուղ,1025,79,15,60,14,14,0,0,0,1534,1215,2,1207,1,79.2
Kotayk,AM-KT,Նոր Հաճըն,Նոր Արտամետ գյուղ,277,256,1,27,2,16,0,1,1,859,597,8,581,1,69.5
Kotayk,AM-KT,Նոր Հաճըն,Նոր Գեղի գյուղ,1170,1279,66,304,75,104,14,2,3,4494,3137,106,3017,3,69.8
Kotayk,AM-KT,Նոր Հաճըն,Նոր Հաճն քաղաք,1390,3415,248,143,294,147,44,10,6,8640,5935,155,5697,5,68.69
Kotayk,AM-KT,Նոր Հաճըն,Քանաքեռավան գյուղ,1022,419,90,6,55,148,17,7,0,2879,1867,65,1764,2,64.85
Kotayk,AM-KT,Նոր Հաճըն,Քարաշամբ գյուղ,298,81,12,2,5,5,2,1,2,538,421,13,408,1,78.25
Kotayk,AM-KT,Չարենցավան,Ալափարս գյուղ,798,323,84,4,20,36,4,5,4,1887,1338,60,1278,1,70.91
Kotayk,AM-KT,Չարենցավան,Արզական գյուղ,637,570,101,14,43,64,11,6,0,2096,1511,45,1446,2,72.09
Kotayk,AM-KT,Չարենցավան,Բջնի գյուղ,534,921,106,51,16,31,2,7,1,2178,1725,44,1669,2,79.2
Kotayk,AM-KT,Չարենցավան,Կարենիս գյուղ,228,154,14,17,10,11,1,1,2,666,451,11,438,1,67.72
Kotayk,AM-KT,Չարենցավան,Չարենցավան քաղաք,5834,4344,679,240,511,609,97,25,10,21566,13053,620,12349,12,60.53
Kotayk,AM-KT,Չարենցավան,Ֆանտան գյուղ,166,456,19,2,0,40,0,0,0,831,683,0,683,1,82.19
Kotayk,AM-KT,Ջրվեժ,Զովք գյուղ,123,383,10,29,4,7,0,0,0,760,567,11,556,1,74.61
Kotayk,AM-KT,Ջրվեժ,Ձորաղբյուր գյուղ,302,693,27,51,43,81,6,2,2,1795,1240,33,1207,1,69.08
Kotayk,AM-KT,Ջրվեժ,Ջրվեժ գյուղ,923,2025,153,135,99,56,8,7,2,5185,3534,96,3408,3,68.16
Lori,AM-LO,Ալավերդի,Ալավերդի քաղաք,3945,1615,547,759,375,464,136,33,18,16336,8365,351,7892,15,51.21
Lori,AM-LO,Ալավերդի,Ախթալա քաղաք,713,237,91,67,26,46,23,7,2,2231,1292,78,1212,3,57.91
Lori,AM-LO,Ալավերդի,Այգեհատ գյուղ,76,41,14,10,5,1,0,1,0,230,149,1,148,1,64.78
Lori,AM-LO,Ալավերդի,Արդվի գյուղ,90,7,0,5,2,3,2,0,0,147,112,3,109,1,76.19
Lori,AM-LO,Ալավերդի,Արեվածագ գյուղ,224,171,4,24,7,24,1,5,1,633,479,15,461,1,75.67
Lori,AM-LO,Ալավերդի,Աքորի գյուղ,476,142,20,224,125,63,11,3,2,1923,1123,41,1066,1,58.4
Lori,AM-LO,Ալավերդի,Թեղուտ գյուղ,242,104,30,10,14,12,5,3,1,573,440,17,421,1,76.79
Lori,AM-LO,Ալավերդի,Ծաթեր գյուղ,104,132,0,2,5,0,0,0,0,337,257,11,243,1,76.26
Lori,AM-LO,Ալավերդի,Ծաղկաշատ գյուղ,121,3,6,3,1,3,0,0,0,167,142,5,137,1,85.03
Lori,AM-LO,Ալավերդի,Կաճաճկուտ գյուղ,190,15,14,22,8,5,3,0,2,360,267,2,259,1,74.17
Lori,AM-LO,Ալավերդի,Կարմիր Աղեկ գյուղ,77,32,1,2,0,0,0,0,0,146,117,5,112,1,80.14
Lori,AM-LO,Ալավերդի,Հագվի գյուղ,209,19,2,9,2,0,6,2,1,376,263,9,250,1,69.95
Lori,AM-LO,Ալավերդի,Հաղպատ գյուղ,244,83,16,19,12,20,7,3,1,599,421,16,405,1,70.28
Lori,AM-LO,Ալավերդի,Ճոճկան գյուղ,612,191,90,64,6,62,8,3,3,1569,1088,29,1039,1,69.34
Lori,AM-LO,Ալավերդի,Մեծ Այրում գյուղ,142,50,7,49,2,51,1,2,1,539,322,13,305,1,59.74
Lori,AM-LO,Ալավերդի,Մղարթ գյուղ,195,67,1,12,1,0,1,0,1,354,281,2,278,1,79.38
Lori,AM-LO,Ալավերդի,Նեղոց գյուղ,168,12,5,6,1,1,2,0,0,267,204,9,195,1,76.4
Lori,AM-LO,Ալավերդի,Շամլուղ քաղաք,219,74,12,81,8,13,7,2,2,743,438,16,418,2,58.95
Lori,AM-LO,Ալավերդի,Շնող գյուղ,725,326,55,84,51,106,16,9,16,2269,1463,64,1388,2,64.48
Lori,AM-LO,Ալավերդի,Ջիլիզա գյուղ,85,3,0,8,0,0,0,0,0,148,97,1,96,1,65.54
Lori,AM-LO,Ալավերդի,Քարկոփ գյուղ,155,18,20,0,0,5,0,0,1,265,203,1,199,1,76.6
Lori,AM-LO,Ալավերդի,Օձուն գյուղ,962,374,500,130,72,87,31,13,3,3977,2274,81,2172,3,57.18
Lori,AM-LO,Գյուլագարակ,Ամրակից գյուղ,192,37,10,11,3,5,1,0,0,453,268,6,259,1,59.16
Lori,AM-LO,Գյուլագարակ,Գարգառ գյուղ,594,141,5,5,12,23,2,0,1,1074,804,16,783,1,74.86
Lori,AM-LO,Գյուլագարակ,Գյուլագարակ գյուղ,866,290,35,47,34,180,0,0,0,1689,1481,17,1452,1,87.69
Lori,AM-LO,Գյուլագարակ,Կուրթան գյուղ,884,121,18,7,18,35,7,1,1,1546,1125,33,1092,1,72.77
Lori,AM-LO,Գյուլագարակ,Հոբարձի գյուղ,241,111,13,7,9,36,2,5,0,576,437,13,424,1,75.87
Lori,AM-LO,Գյուլագարակ,Պուշկինո գյուղ,180,27,1,1,5,3,2,0,1,334,235,13,220,1,70.36
Lori,AM-LO,Գյուլագարակ,Վարդաբլուր գյուղ,505,111,11,16,19,36,4,0,0,968,709,3,702,1,73.24
Lori,AM-LO,Թումանյան,Աթան գյուղ,133,23,1,5,4,6,1,0,1,237,179,5,174,1,75.53
Lori,AM-LO,Թումանյան,Ահնիձոր գյուղ,106,14,3,7,0,3,0,1,0,179,138,4,134,1,77.09
Lori,AM-LO,Թումանյան,Դսեղ գյուղ,914,128,42,28,22,44,13,1,1,1742,1253,20,1193,1,71.93
Lori,AM-LO,Թումանյան,Թումանյան քաղաք,814,62,13,13,5,43,5,2,2,1528,967,8,959,1,63.29
Lori,AM-LO,Թումանյան,Լորուտ գյուղ,467,69,7,6,4,2,6,0,1,749,574,6,562,1,76.64
Lori,AM-LO,Թումանյան,Մարց գյուղ,220,24,12,31,2,7,1,1,0,383,310,7,298,1,80.94
Lori,AM-LO,Թումանյան,Շամուտ գյուղ,143,30,0,8,2,2,0,0,0,247,186,0,185,1,75.3
Lori,AM-LO,Թումանյան,Չկալով գյուղ,113,10,1,1,2,2,1,0,0,157,136,4,130,1,86.62
Lori,AM-LO,Թումանյան,Քարինջ գյուղ,284,21,3,2,4,33,5,2,0,479,367,9,354,1,76.62
Lori,AM-LO,Լերմոնտովո,Անտառաշեն գյուղ,94,16,1,0,1,0,0,0,0,179,118,4,112,1,65.92
Lori,AM-LO,Լերմոնտովո,Լերմոնտովո գյուղ,200,14,2,6,5,0,0,0,1,540,270,32,228,1,50.0
Lori,AM-LO,Լոռի Բերդ,Ագարակ գյուղ,468,79,12,8,14,26,4,2,3,979,672,21,616,1,68.64
Lori,AM-LO,Լոռի Բերդ,Բովաձոր գյուղ,91,25,3,7,1,10,0,0,0,227,137,0,137,1,60.35
Lori,AM-LO,Լոռի Բերդ,Լեջան գյուղ,326,68,11,17,11,40,4,1,0,665,493,11,478,1,74.14
Lori,AM-LO,Լոռի Բերդ,Լոռի Բերդ գյուղ,121,44,17,2,2,23,2,0,0,314,213,2,211,1,67.83
Lori,AM-LO,Լոռի Բերդ,Կողես գյուղ,162,9,0,3,2,1,1,2,0,256,181,1,180,1,70.7
Lori,AM-LO,Լոռի Բերդ,Հովնանաձոր գյուղ,32,5,0,5,1,0,0,0,0,45,43,0,43,1,95.56
Lori,AM-LO,Լոռի Բերդ,Յաղդան գյուղ,61,0,1,3,1,0,0,0,0,144,67,1,66,1,46.53
Lori,AM-LO,Լոռի Բերդ,Ուռուտ գյուղ,301,103,8,12,76,19,3,2,1,798,551,20,525,1,69.05
Lori,AM-LO,Լոռի Բերդ,Սվերդլով գյուղ,301,102,14,34,13,47,4,1,0,778,537,13,516,1,69.02
Lori,AM-LO,Սպիտակ,Արեվաշող գյուղ,1163,112,5,72,9,21,6,2,3,2130,1414,21,1393,2,66.38
Lori,AM-LO,Սպիտակ,Արջհովիտ գյուղ,217,18,0,19,6,5,0,0,0,395,270,4,265,1,68.35
Lori,AM-LO,Սպիտակ,Գեղասար գյուղ,386,22,1,10,5,1,5,0,2,640,441,8,432,1,68.91
Lori,AM-LO,Սպիտակ,Գոգարան գյուղ,428,42,4,79,7,19,2,1,0,882,611,23,582,1,69.27
Lori,AM-LO,Սպիտակ,Լեռնանցք գյուղ,557,31,11,39,10,11,4,1,15,1013,692,13,679,1,68.31
Lori,AM-LO,Սպիտակ,Լեռնավան գյուղ,383,86,47,62,4,16,10,2,3,1154,630,10,613,1,54.59
Lori,AM-LO,Սպիտակ,Լուսաղբյուր գյուղ,281,90,5,64,12,82,1,2,0,790,563,26,537,1,71.27
Lori,AM-LO,Սպիտակ,Խնկոյան գյուղ,141,14,4,6,2,1,0,0,0,217,171,3,168,1,78.8
Lori,AM-LO,Սպիտակ,Ծաղկաբեր գյուղ,584,60,4,7,1,29,1,0,1,985,706,19,687,1,71.68
Lori,AM-LO,Սպիտակ,Կաթնաջուր գյուղ,635,83,41,23,11,29,5,1,1,1384,873,22,829,1,63.08
Lori,AM-LO,Սպիտակ,Հարթագյուղ գյուղ,412,61,25,30,2,3,3,0,0,872,550,14,536,1,63.07
Lori,AM-LO,Սպիտակ,Մեծ Պարնի գյուղ,595,263,16,92,10,34,3,1,1,1573,1065,22,1015,1,67.71
Lori,AM-LO,Սպիտակ,Նոր Խաչակապ գյուղ,198,50,1,21,10,1,1,0,1,482,285,2,283,1,59.13
Lori,AM-LO,Սպիտակ,Շենավան գյուղ,159,35,5,11,3,10,2,1,0,341,233,6,226,1,68.33
Lori,AM-LO,Սպիտակ,"Շիրակամուտ
 գյուղ",482,114,41,16,17,164,23,6,1,1742,917,53,864,1,52.64
Lori,AM-LO,Սպիտակ,Ջրաշեն գյուղ,986,178,36,200,41,25,9,7,6,2432,1530,42,1488,2,62.91
Lori,AM-LO,Սպիտակ,Սարալանջ գյուղ,99,8,1,1,0,1,0,1,0,156,111,0,111,1,71.15
Lori,AM-LO,Սպիտակ,Սարահարթ գյուղ,560,55,3,40,3,7,3,0,1,1074,687,12,672,1,63.97
Lori,AM-LO,Սպիտակ,Սարամեջ գյուղ,496,61,7,6,4,7,1,1,29,1017,620,8,612,1,60.96
Lori,AM-LO,Սպիտակ,Սպիտակ քաղաք,4254,1994,207,618,280,383,69,16,15,13037,8168,305,7836,9,62.65
Lori,AM-LO,Սպիտակ,Քարաձոր գյուղ,142,31,1,11,2,9,2,0,4,302,205,3,202,1,67.88
Lori,AM-LO,Ստեփանավան,Կաթնաղբյուր գյուղ,104,38,21,79,2,80,7,4,1,645,339,3,336,1,52.56
Lori,AM-LO,Ստեփանավան,Ուրասար գյուղ,108,61,5,12,2,17,0,1,0,289,208,2,206,1,71.97
Lori,AM-LO,Ստեփանավան,Ստեփանավան քաղաք,3388,2596,415,643,568,576,104,37,15,14320,8740,363,8342,11,61.03
Lori,AM-LO,Վանաձոր,Գուգարք գյուղ,1171,728,145,126,86,109,18,5,5,4452,2513,75,2393,3,56.45
Lori,AM-LO,Վանաձոր,Դարպաս գյուղ,652,155,20,14,37,14,11,0,3,1476,934,28,906,1,63.28
Lori,AM-LO,Վանաձոր,Շահումյան գյուղ,330,243,42,70,52,173,7,4,1,1865,987,66,922,1,52.92
Lori,AM-LO,Վանաձոր,Վանաձոր քաղաք,21682,14932,3989,3769,3581,3391,674,198,121,96524,55028,1898,52337,59,57.01
Lori,AM-LO,Տաշիր,Ապավեն գյուղ,48,14,0,1,1,0,1,0,0,144,82,6,65,1,56.94
Lori,AM-LO,Տաշիր,Արծնի գյուղ,65,43,0,3,4,5,1,1,2,288,127,3,124,1,44.1
Lori,AM-LO,Տաշիր,Բլագոդարնոյե գյուղ,47,35,2,8,8,2,1,2,0,185,112,6,105,1,60.54
Lori,AM-LO,Տաշիր,Դաշտադեմ գյուղ,25,28,0,2,1,1,0,0,0,179,58,1,57,1,32.4
Lori,AM-LO,Տաշիր,Լեռնահովիտ գյուղ,586,31,3,3,9,4,0,1,0,1229,670,29,637,1,54.52
Lori,AM-LO,Տաշիր,Կաթնառատ գյուղ,228,138,1,10,9,6,4,1,0,701,408,11,397,1,58.2
Lori,AM-LO,Տաշիր,Ձյունաշող գյուղ,44,14,3,2,2,2,1,1,0,156,69,0,69,1,44.23
Lori,AM-LO,Տաշիր,Ձորամուտ գյուղ,148,33,3,1,10,1,0,1,0,398,201,4,197,1,50.5
Lori,AM-LO,Տաշիր,Մեդովկա գյուղ,46,106,0,2,10,0,1,1,0,379,175,6,166,1,46.17
Lori,AM-LO,Տաշիր,Մեծավան գյուղ,633,952,65,86,38,29,7,3,1,4379,1933,114,1814,3,44.14
Lori,AM-LO,Տաշիր,Մեղվահովիտ գյուղ,43,12,0,3,0,3,0,0,0,109,62,1,61,1,56.88
Lori,AM-LO,Տաշիր,Միխայելովկա գյուղ,185,55,7,5,5,5,4,2,0,542,313,45,268,1,57.75
Lori,AM-LO,Տաշիր,Նովոսելցովո գյուղ,28,25,1,2,0,0,0,0,0,120,57,1,56,1,47.5
Lori,AM-LO,Տաշիր,Նորաշեն գյուղ,416,132,16,16,13,26,6,3,1,1174,656,27,629,1,55.88
Lori,AM-LO,Տաշիր,Պաղաղբյուր գյուղ,60,14,0,6,0,0,0,0,0,89,80,0,80,1,89.89
Lori,AM-LO,Տաշիր,Պետրովկա գյուղ,61,29,2,4,0,3,0,0,0,199,99,0,99,1,49.75
Lori,AM-LO,Տաշիր,Պրիվոլնոյե գյուղ,147,93,16,72,14,2,2,0,1,675,375,27,347,1,55.56
Lori,AM-LO,Տաշիր,Սարատովկա գյուղ,91,98,2,7,5,3,0,0,0,369,217,11,206,1,58.81
Lori,AM-LO,Տաշիր,Սարչապետ գյուղ,565,149,21,21,3,16,13,1,0,1701,817,28,789,1,48.03
Lori,AM-LO,Տաշիր,Տաշիր քաղաք,2275,1508,82,228,122,59,25,7,6,8458,4432,89,4312,6,52.4
Lori,AM-LO,Փամբակ,Ազնվաձոր գյուղ,162,35,2,1,3,2,1,0,1,381,218,10,207,1,57.22
Lori,AM-LO,Փամբակ,Անտառամուտ գյուղ,127,52,2,3,1,1,2,0,0,269,196,6,188,1,72.86
Lori,AM-LO,Փամբակ,Արջուտ գյուղ,239,52,31,37,4,36,1,1,0,734,425,21,401,1,57.9
Lori,AM-LO,Փամբակ,Բազում գյուղ,363,201,14,59,22,9,6,3,0,1188,712,35,677,1,59.93
Lori,AM-LO,Փամբակ,Դեբետ գյուղ,309,61,9,47,8,42,2,4,1,634,502,12,483,1,79.18
Lori,AM-LO,Փամբակ,Եղեգնուտ գյուղ,235,61,7,77,4,32,2,1,1,651,440,12,420,1,67.59
Lori,AM-LO,Փամբակ,Լեռնապատ գյուղ,626,181,26,46,13,25,6,0,0,1500,994,55,923,1,66.27
Lori,AM-LO,Փամբակ,"Լեռնաջուր
 գյուղ",67,7,8,7,0,4,0,1,0,145,95,1,94,1,65.52
Lori,AM-LO,Փամբակ,Ձորագետ գյուղ,165,9,0,5,0,2,0,0,0,210,187,6,181,1,89.05
Lori,AM-LO,Փամբակ,Ձորագյուղ գյուղ,153,33,5,12,4,13,4,0,3,316,240,11,227,1,75.95
Lori,AM-LO,Փամբակ,Մարգահովիտ գյուղ,842,435,45,92,26,22,10,3,2,2800,1555,70,1477,2,55.54
Lori,AM-LO,Փամբակ,Վահագնաձոր գյուղ,160,6,1,4,0,14,1,0,0,242,193,6,186,1,79.75
Lori,AM-LO,Փամբակ,Վահագնի գյուղ,390,156,10,32,14,12,2,3,6,894,656,21,625,1,73.38
Lori,AM-LO,Փամբակ,Փամբակ գյուղ,235,60,2,9,8,30,3,1,0,426,361,12,348,1,84.74
Lori,AM-LO,Փամբակ,Քարաբերդ գյուղ,34,10,0,3,0,4,0,1,0,87,57,5,52,1,65.52
Lori,AM-LO,Ֆիոլետովո,Ֆիոլետովո,366,29,1,47,7,11,3,2,0,846,493,23,466,1,58.27
Shirak,AM-SH,Ախուրյան,Ազատան գյուղ,1119,628,129,62,62,26,15,3,3,3765,2137,68,2047,2,56.76
Shirak,AM-SH,Ախուրյան,Ախուրիկ գյուղ,377,77,46,7,15,7,3,0,0,857,557,25,532,1,64.99
Shirak,AM-SH,Ախուրյան,Ախուրյան գյուղ,1439,1014,207,84,270,533,41,8,3,7087,3746,139,3599,5,52.86
Shirak,AM-SH,Ախուրյան,Այգաբաց գյուղ,299,22,25,0,7,20,6,2,1,593,391,8,382,1,65.94
Shirak,AM-SH,Ախուրյան,Առափի գյուղ,350,116,43,226,16,7,6,1,1,1261,803,29,766,1,63.68
Shirak,AM-SH,Ախուրյան,Արեվիկ գյուղ,665,117,13,23,32,15,4,0,0,1323,886,13,869,1,66.97
Shirak,AM-SH,Ախուրյան,Բայանդուր գյուղ,161,93,33,11,16,3,9,1,0,545,336,7,327,1,61.65
Shirak,AM-SH,Ախուրյան,Բասեն (Ախուրյան) գյուղ,549,87,6,27,19,10,10,0,3,1281,730,12,711,1,56.99
Shirak,AM-SH,Ախուրյան,Բենիամին գյուղ,279,46,0,10,4,21,1,0,0,534,376,9,361,1,70.41
Shirak,AM-SH,Ախուրյան,Գետք գյուղ,110,120,22,11,7,9,3,0,3,446,292,4,285,1,65.47
Shirak,AM-SH,Ախուրյան,Երազգավորս գյուղ,361,134,22,19,40,3,14,0,2,1114,619,17,595,1,55.57
Shirak,AM-SH,Ախուրյան,Լեռնուտ գյուղ,76,7,2,3,0,0,0,0,0,130,91,3,88,1,70.0
Shirak,AM-SH,Ախուրյան,Կամո գյուղ,131,221,39,29,35,72,10,2,3,1083,568,19,542,1,52.45
Shirak,AM-SH,Ախուրյան,Կապս գյուղ,187,111,9,5,5,3,1,0,0,528,330,9,321,1,62.5
Shirak,AM-SH,Ախուրյան,Կառնուտ գյուղ,151,118,13,65,29,6,4,0,0,694,406,13,386,1,58.5
Shirak,AM-SH,Ախուրյան,Կարմրաքար գյուղ,3,9,10,1,2,0,0,0,0,37,25,0,25,1,67.57
Shirak,AM-SH,Ախուրյան,Կրաշեն գյուղ,23,76,4,3,2,32,1,0,0,212,146,4,141,1,68.87
Shirak,AM-SH,Ախուրյան,Հայկավան գյուղ,242,158,56,21,24,6,4,3,1,920,545,23,515,1,59.24
Shirak,AM-SH,Ախուրյան,Հացիկ գյուղ,188,167,44,18,22,27,3,0,1,817,486,16,470,1,59.49
Shirak,AM-SH,Ախուրյան,Հովիտ գյուղ,204,24,2,23,6,2,3,1,1,379,276,9,266,1,72.82
Shirak,AM-SH,Ախուրյան,Հովունի գյուղ,104,103,17,24,15,4,0,1,0,456,282,13,268,1,61.84
Shirak,AM-SH,Ախուրյան,Ղարիբջանյան գյուղ,289,84,20,14,19,0,4,0,0,700,449,19,430,1,64.14
Shirak,AM-SH,Ախուրյան,Մայիսյան գյուղ,282,370,32,21,42,4,3,4,0,1231,776,11,758,1,63.04
Shirak,AM-SH,Ախուրյան,Մարմաշեն գյուղ,309,257,24,15,10,94,4,0,0,1352,728,15,713,1,53.85
Shirak,AM-SH,Ախուրյան,Մեծ Սարիար գյուղ,96,41,6,28,3,6,2,0,0,280,188,4,182,1,67.14
Shirak,AM-SH,Ախուրյան,Շիրակ գյուղ,280,150,8,30,7,6,1,0,0,771,506,20,482,1,65.63
Shirak,AM-SH,Ախուրյան,Ոսկեհասկ գյուղ,132,324,45,47,39,26,12,1,5,1582,671,40,631,1,42.41
Shirak,AM-SH,Ախուրյան,Ջաջուռ գյուղ,334,16,21,27,4,1,1,2,1,575,425,16,407,1,73.91
Shirak,AM-SH,Ախուրյան,Ջաջուռավան գյուղ,69,33,4,5,3,0,2,0,0,174,118,2,116,1,67.82
Shirak,AM-SH,Ախուրյան,Ջրառատ գյուղ,464,11,10,4,11,4,1,0,2,793,526,19,507,1,66.33
Shirak,AM-SH,Ախուրյան,Վահրամաբերդ գյուղ,312,241,6,18,21,9,10,0,0,1057,630,9,617,1,59.6
Shirak,AM-SH,Ախուրյան,Փոքրաշեն գյուղ,100,21,3,1,0,1,0,0,2,156,134,3,128,1,85.9
Shirak,AM-SH,Ախուրյան,Քեթի գյուղ,371,104,7,12,5,0,2,0,0,780,521,12,501,1,66.79
Shirak,AM-SH,Ամասիա,Ալվար գյուղ,72,19,5,1,2,23,0,2,0,183,126,2,124,1,68.85
Shirak,AM-SH,Ամասիա,Աղվորիկ գյուղ,19,3,1,1,0,31,0,0,1,98,57,1,56,1,58.16
Shirak,AM-SH,Ամասիա,Ամասիա գյուղ,711,204,25,51,17,32,7,2,0,1543,1089,36,1049,1,70.58
Shirak,AM-SH,Ամասիա,Արդենիս գյուղ,70,8,0,0,0,1,0,0,0,147,82,3,79,1,55.78
Shirak,AM-SH,Ամասիա,Արեգնադեմ գյուղ,93,41,3,30,0,14,0,1,8,369,196,0,190,1,53.12
Shirak,AM-SH,Ամասիա,Բանդիվան գյուղ,150,10,4,3,0,10,0,0,0,186,177,0,177,1,95.16
Shirak,AM-SH,Ամասիա,Բերդաշեն գյուղ,50,68,33,0,0,3,1,0,0,233,158,3,155,1,67.81
Shirak,AM-SH,Ամասիա,Բյուրակն գյուղ,131,134,3,16,13,4,5,2,0,619,317,6,308,1,51.21
Shirak,AM-SH,Ամասիա,Գառնառիճ գյուղ,116,9,1,1,1,3,2,0,0,242,138,2,133,1,57.02
Shirak,AM-SH,Ամասիա,Գտաշեն  գյուղ,126,23,0,2,10,22,0,0,0,427,189,3,183,1,44.26
Shirak,AM-SH,Ամասիա,Զարիշատ գյուղ,39,13,3,2,0,19,1,0,0,131,81,4,77,1,61.83
Shirak,AM-SH,Ամասիա,Զորակերտ գյուղ,58,4,0,0,0,1,1,0,0,152,72,8,64,1,47.37
Shirak,AM-SH,Ամասիա,Ծաղկուտ գյուղ,88,9,3,2,1,10,1,0,1,206,118,3,115,1,57.28
Shirak,AM-SH,Ամասիա,Հողմիկ գյուղ,113,149,5,1,0,2,3,0,0,366,278,2,273,1,75.96
Shirak,AM-SH,Ամասիա,Հովտուն  գյուղ,95,10,0,1,1,5,3,1,0,133,116,0,116,1,87.22
Shirak,AM-SH,Ամասիա,Մեղրաշատ  գյուղ,45,50,18,2,3,109,0,0,1,364,228,0,228,1,62.64
Shirak,AM-SH,Ամասիա,Շաղիկ գյուղ,44,7,0,0,0,1,0,1,0,75,55,2,53,1,73.33
Shirak,AM-SH,Ամասիա,Ողջի  գյուղ,101,94,8,17,5,17,2,0,2,451,258,9,246,1,57.21
Shirak,AM-SH,Ամասիա,Ջրաձոր  գյուղ,128,63,4,2,3,0,1,0,0,269,202,1,201,1,75.09
Shirak,AM-SH,Անի,Աղին գյուղ,213,27,4,40,13,25,4,1,1,440,330,2,328,1,75.0
Shirak,AM-SH,Անի,Անիավան գյուղ,234,30,5,18,2,7,3,1,0,356,300,0,300,1,84.27
Shirak,AM-SH,Անի,Անիպեմզա գյուղ,145,52,11,25,2,7,0,0,0,354,242,1,242,1,68.36
Shirak,AM-SH,Անի,Բագրավան գյուղ,242,96,10,61,6,32,4,2,0,634,463,5,453,1,73.03
Shirak,AM-SH,Անի,Գուսանագյուղ գյուղ,120,231,11,11,17,127,5,0,1,713,540,17,523,1,75.74
Shirak,AM-SH,Անի,Իսահակյան գյուղ,441,37,6,3,2,3,3,1,1,740,505,8,497,1,68.24
Shirak,AM-SH,Անի,Լանջիկ գյուղ,262,98,4,75,4,3,3,0,0,676,460,8,449,1,68.05
Shirak,AM-SH,Անի,Լուսաղբյուր գյուղ,163,36,11,54,5,37,1,2,0,450,315,6,309,1,70.0
Shirak,AM-SH,Անի,Հայկաձոր գյուղ,172,15,4,64,4,0,4,0,0,405,269,6,263,1,66.42
Shirak,AM-SH,Անի,Ձիթհանքով գյուղ,452,82,43,39,18,76,8,4,0,1044,743,15,722,1,71.17
Shirak,AM-SH,Անի,Ձորակապ գյուղ,191,129,107,56,19,9,12,3,1,857,547,20,527,1,63.83
Shirak,AM-SH,Անի,Մարալիկ  քաղաք,1348,986,261,388,131,124,105,7,8,5307,3462,74,3358,3,65.23
Shirak,AM-SH,Անի,Շիրակավան գյուղ,165,117,7,53,6,44,5,0,0,604,411,10,397,1,68.05
Shirak,AM-SH,Անի,Ջրափի գյուղ,314,24,23,5,10,46,7,2,0,709,441,9,431,1,62.2
Shirak,AM-SH,Անի,Սառնաղբյուր գյուղ,636,513,84,90,47,150,24,11,5,2426,1602,38,1560,2,66.03
Shirak,AM-SH,Անի,Սարակապ գյուղ,134,124,22,39,8,5,3,1,1,441,340,3,337,1,77.1
Shirak,AM-SH,Անի,Քարաբերդ գյուղ,408,86,3,24,7,6,2,0,1,822,549,6,537,1,66.79
Shirak,AM-SH,Աշոցք,Աշոցք գյուղ,525,443,72,51,19,82,11,6,2,2225,1257,28,1211,2,56.49
Shirak,AM-SH,Աշոցք,Արփենի գյուղ,111,66,4,0,0,1,1,0,0,277,191,8,183,1,68.95
Shirak,AM-SH,Աշոցք,Բաշգյուղ գյուղ,35,12,0,1,0,1,0,0,0,59,49,0,49,1,83.05
Shirak,AM-SH,Աշոցք,Բավրա գյուղ,238,46,16,10,4,9,2,0,0,480,331,4,325,1,68.96
Shirak,AM-SH,Աշոցք,Գոգհովիտ գյուղ,83,107,6,0,3,11,3,0,1,266,220,4,214,1,82.71
Shirak,AM-SH,Աշոցք,Զույգաղբյուր գյուղ,145,76,8,15,0,0,0,1,0,437,253,8,245,1,57.89
Shirak,AM-SH,Աշոցք,Թավշուտ գյուղ,105,36,4,9,0,40,2,1,0,277,200,3,197,1,72.2
Shirak,AM-SH,Աշոցք,Թորոսգյուղ գյուղ,163,33,1,3,0,3,1,0,0,265,206,2,204,1,77.74
Shirak,AM-SH,Աշոցք,Լեռնագյուղ գյուղ,10,3,4,0,0,1,0,0,0,27,20,2,18,1,74.07
Shirak,AM-SH,Աշոցք,Կարմրավան գյուղ,59,38,3,0,0,20,0,0,1,176,126,5,121,1,71.59
Shirak,AM-SH,Աշոցք,Կաքավասար գյուղ,61,25,0,0,0,1,0,0,0,97,87,0,87,1,89.69
Shirak,AM-SH,Աշոցք,Կրասար գյուղ,184,84,6,1,3,6,1,0,0,366,288,2,285,1,78.69
Shirak,AM-SH,Աշոցք,Հարթաշեն գյուղ,55,6,0,1,0,31,0,0,0,103,95,2,93,1,92.23
Shirak,AM-SH,Աշոցք,Ձորաշեն գյուղ,124,17,0,2,0,6,0,0,0,174,149,0,149,1,85.63
Shirak,AM-SH,Աշոցք,Ղազանչի գյուղ,167,73,10,46,8,18,1,0,0,485,329,7,323,1,67.84
Shirak,AM-SH,Աշոցք,Մեծ Սեպասար գյուղ,261,125,28,11,5,15,5,0,1,684,464,13,451,1,67.84
Shirak,AM-SH,Աշոցք,Մուսայելյան (Աշոցք) գյուղ,130,75,3,5,5,16,2,1,0,288,239,2,237,1,82.99
Shirak,AM-SH,Աշոցք,Սալուտ գյուղ,23,23,1,4,0,1,0,0,0,60,52,1,52,1,86.67
Shirak,AM-SH,Աշոցք,Սարագյուղ գյուղ,67,56,1,1,0,1,3,0,1,185,131,1,130,1,70.81
Shirak,AM-SH,Աշոցք,Սարապատ գյուղ,2,4,0,0,0,0,0,0,0,91,79,0,6,1,86.81
Shirak,AM-SH,Աշոցք,Սիզավետ գյուղ,136,40,0,3,1,5,2,0,0,260,192,5,187,1,73.85
Shirak,AM-SH,Աշոցք,Վարդաղբյուր գյուղ,37,18,1,2,0,2,0,0,0,77,60,0,60,1,77.92
Shirak,AM-SH,Աշոցք,Ցողամարգ  գյուղ,172,85,14,3,12,8,0,0,0,409,304,10,294,1,74.33
Shirak,AM-SH,Աշոցք,Փոքր Սարիար գյուղ,112,38,1,8,0,8,0,0,0,174,167,0,167,1,95.98
Shirak,AM-SH,Աշոցք,Փոքր Սեպասար գյուղ,88,26,2,5,2,4,0,1,0,174,130,2,128,1,74.71
Shirak,AM-SH,Արթիկ,Անուշավան գյուղ,216,393,45,355,42,25,5,2,1,1553,1120,13,1084,1,72.12
Shirak,AM-SH,Արթիկ,Արեվշատ գյուղ,120,380,72,297,68,38,6,0,4,1345,987,2,985,1,73.38
Shirak,AM-SH,Արթիկ,Արթիկ քաղաք,3337,2955,1101,1241,1008,400,164,32,15,15177,10568,284,10253,10,69.63
Shirak,AM-SH,Արթիկ,Գեղանիստ գյուղ,363,103,45,110,7,23,1,1,1,886,670,16,654,1,75.62
Shirak,AM-SH,Արթիկ,Գետափ գյուղ,404,23,2,9,4,14,5,1,1,631,469,6,463,1,74.33
Shirak,AM-SH,Արթիկ,Լեռնակերտ գյուղ,349,164,47,99,20,23,9,3,3,1014,743,13,717,1,73.27
Shirak,AM-SH,Արթիկ,Լուսակերտ գյուղ,45,65,4,214,9,43,9,0,0,482,389,0,389,1,80.71
Shirak,AM-SH,Արթիկ,Հայկասար գյուղ,55,39,1,6,1,24,3,0,0,169,131,2,129,1,77.51
Shirak,AM-SH,Արթիկ,Հայրենյաց գյուղ,260,78,5,7,7,20,2,1,2,555,396,14,382,1,71.35
Shirak,AM-SH,Արթիկ,Հառիճ գյուղ,485,50,16,44,12,5,7,0,1,881,667,14,620,1,75.71
Shirak,AM-SH,Արթիկ,Հոռոմ գյուղ,430,401,66,76,70,92,14,1,2,1588,1152,13,1152,1,72.54
Shirak,AM-SH,Արթիկ,Հովտաշեն գյուղ,44,34,7,35,4,64,1,1,0,263,191,1,190,1,72.62
Shirak,AM-SH,Արթիկ,Մեծ  Մանթաշ գյուղ,522,387,47,170,54,15,8,4,2,1671,1241,26,1209,1,74.27
Shirak,AM-SH,Արթիկ,Մեղրաշեն գյուղ,55,102,20,495,6,13,3,1,3,915,720,22,698,1,78.69
Shirak,AM-SH,Արթիկ,Նահապետավան գյուղ,367,14,10,9,15,8,4,3,1,625,464,32,431,1,74.24
Shirak,AM-SH,Արթիկ,Նոր կյանք գյուղ,484,249,27,46,4,38,3,0,1,1129,861,9,852,1,76.26
Shirak,AM-SH,Արթիկ,Պեմզաշեն գյուղ,1122,77,137,52,36,67,8,2,2,2267,1528,28,1503,2,67.4
Shirak,AM-SH,Արթիկ,Սարալանջ գյուղ,174,367,4,17,1,2,0,0,1,788,575,9,566,1,72.97
Shirak,AM-SH,Արթիկ,Սարատակ գյուղ,401,46,23,3,28,195,10,2,1,970,727,18,709,1,74.95
Shirak,AM-SH,Արթիկ,Սպանդարյան գյուղ,202,212,1,501,1,5,7,0,0,1112,929,4,929,1,83.54
Shirak,AM-SH,Արթիկ,Վարդաքար գյուղ,310,33,13,22,0,8,0,0,0,498,386,6,386,1,77.51
Shirak,AM-SH,Արթիկ,Տուֆաշեն գյուղ,164,35,3,4,11,2,2,0,1,323,230,9,222,1,71.21
Shirak,AM-SH,Արթիկ,Փանիկ գյուղ,141,353,272,456,75,93,24,6,1,2137,1464,30,1421,2,68.51
Shirak,AM-SH,Արթիկ,Փոքր Մանթաշ գյուղ,380,227,32,424,20,24,4,1,4,1656,1162,33,1116,1,70.17
Shirak,AM-SH,Գյումրի,Գյումրի,14658,26601,4394,2296,8018,2480,990,254,135,125296,63099,2829,59826,79,50.36
Syunik,AM-SU,Գորիս,Ակներ գյուղ,623,52,1,2,0,14,0,0,0,782,695,3,692,1,88.87
Syunik,AM-SU,Գորիս,Բարձրավան գյուղ,57,18,3,5,0,2,0,1,0,116,89,3,86,1,76.72
Syunik,AM-SU,Գորիս,Գորիս քաղաք,6620,2459,252,145,264,249,126,36,11,16885,10691,460,10162,10,63.32
Syunik,AM-SU,Գորիս,Խնձորեսկ գյուղ,1717,229,46,29,27,47,11,7,4,2690,2172,49,2117,2,80.74
Syunik,AM-SU,Գորիս,Հարթաշեն գյուղ,1057,90,35,3,9,28,9,2,1,1427,1261,23,1234,1,88.37
Syunik,AM-SU,Գորիս,Ներքին Խնձորեսկ գյուղ,942,44,0,0,0,14,0,0,0,1014,1011,11,1000,1,99.7
Syunik,AM-SU,Գորիս,Շուռնուխ գյուղ,66,8,1,0,2,5,0,0,1,109,84,0,83,1,77.06
Syunik,AM-SU,Գորիս,Որոտան (Գորիս) գյուղ,87,28,1,0,1,1,1,0,1,176,121,0,120,1,68.75
Syunik,AM-SU,Գորիս,Վերիշեն գյուղ,728,204,7,8,6,71,3,1,0,1550,1039,3,1028,1,67.03
Syunik,AM-SU,Գորիս,Քարահունջ գյուղ,540,73,4,5,6,30,6,5,1,997,696,26,670,1,69.81
Syunik,AM-SU,Կապան,Աղվանի գյուղ,49,1,0,2,0,2,0,0,0,58,54,0,54,1,93.1
Syunik,AM-SU,Կապան,Աճանան գյուղ,62,14,1,13,1,10,0,0,0,143,101,0,101,1,70.63
Syunik,AM-SU,Կապան,Անտառաշատ գյուղ,5,69,0,2,2,1,0,1,0,102,81,1,80,1,79.41
Syunik,AM-SU,Կապան,Առաջաձոր գյուղ,21,23,1,2,3,55,0,1,0,141,109,3,106,1,77.3
Syunik,AM-SU,Կապան,Արծվանիկ գյուղ,207,55,7,9,7,36,3,1,1,428,333,6,326,1,77.8
Syunik,AM-SU,Կապան,Գեղանուշ գյուղ,68,54,4,9,0,35,0,1,1,246,175,2,172,1,71.14
Syunik,AM-SU,Կապան,Դավիթ Բեկ գյուղ,281,87,4,25,7,65,5,1,0,648,490,15,475,1,75.62
Syunik,AM-SU,Կապան,Եղեգ գյուղ,24,25,1,0,0,7,0,1,0,91,58,1,58,1,63.74
Syunik,AM-SU,Կապան,Եղվարդ գյուղ,90,20,2,17,3,35,0,1,0,205,171,2,168,1,83.41
Syunik,AM-SU,Կապան,Խդրանց գյուղ,24,5,1,7,0,0,0,0,0,46,38,1,37,1,82.61
Syunik,AM-SU,Կապան,Ծավ գյուղ,877,218,35,43,19,59,6,2,0,1480,1304,45,1259,1,88.11
Syunik,AM-SU,Կապան,Կաղնուտ գյուղ,83,19,0,6,0,0,0,0,0,117,108,0,108,1,92.31
Syunik,AM-SU,Կապան,Կապան քաղաք,8680,6571,764,1284,812,1679,294,59,30,31388,21074,653,20173,21,67.14
Syunik,AM-SU,Կապան,Ձորաստան գյուղ,31,9,0,5,2,0,0,0,0,65,48,1,47,1,73.85
Syunik,AM-SU,Կապան,Ճակատեն գյուղ,50,16,3,25,0,8,0,1,0,121,105,2,103,1,86.78
Syunik,AM-SU,Կապան,Ներքին  Հանդ գյուղ,841,33,7,8,3,9,2,0,0,997,941,38,903,1,94.38
Syunik,AM-SU,Կապան,Ներքին Խոտանան գյուղ,40,4,0,1,0,11,0,0,0,65,59,3,56,1,90.77
Syunik,AM-SU,Կապան,Նորաշենիկ գյուղ,20,4,2,6,0,57,1,0,0,110,95,2,90,1,86.36
Syunik,AM-SU,Կապան,Շիկահող գյուղ,848,83,13,43,5,25,4,0,2,1164,1066,34,1023,1,91.58
Syunik,AM-SU,Կապան,Շրվենանց գյուղ,25,12,0,10,0,8,0,0,0,63,56,0,55,1,88.89
Syunik,AM-SU,Կապան,Ուժանիս գյուղ,38,9,3,5,1,1,0,0,0,71,60,3,57,1,84.51
Syunik,AM-SU,Կապան,Չափնի գյուղ,34,15,0,1,1,1,0,0,0,66,52,0,52,1,78.79
Syunik,AM-SU,Կապան,Սեվաքար գյուղ,37,25,1,6,0,2,1,0,0,88,77,4,72,1,87.5
Syunik,AM-SU,Կապան,Սյունիք գյուղ,368,194,21,18,21,26,4,0,0,904,685,33,652,1,75.77
Syunik,AM-SU,Կապան,Սրաշեն գյուղ,29,16,1,16,2,2,0,0,0,76,67,1,66,1,88.16
Syunik,AM-SU,Կապան,Վանեք գյուղ,33,0,0,1,0,0,0,0,0,44,36,2,34,1,81.82
Syunik,AM-SU,Կապան,Վարդավանք գյուղ,24,10,0,4,1,11,2,0,0,77,53,1,52,1,68.83
Syunik,AM-SU,Կապան,Վերին Խոտանան գյուղ,68,26,4,24,4,5,1,0,0,166,137,5,132,1,82.53
Syunik,AM-SU,Կապան,Տանձավեր գյուղ,90,23,1,4,2,10,1,0,1,156,132,0,132,1,84.62
Syunik,AM-SU,Կապան,Տավրուս գյուղ,23,16,0,7,0,17,0,1,0,85,67,2,64,1,78.82
Syunik,AM-SU,Կապան,Օխտար գյուղ,16,6,1,4,0,19,1,0,0,77,50,3,47,1,64.94
Syunik,AM-SU,Մեղրի,Ագարակ գյուղ,96,12,0,1,1,6,0,1,0,133,119,2,117,1,89.47
Syunik,AM-SU,Մեղրի,Ագարակ քաղաք,2668,356,216,34,58,42,23,2,4,4259,3498,87,3403,3,82.13
Syunik,AM-SU,Մեղրի,Ալվանք գյուղ,103,69,10,17,1,4,3,0,0,341,221,13,207,1,64.81
Syunik,AM-SU,Մեղրի,Գուդեմնիս գյուղ,23,1,1,0,0,0,0,0,0,34,26,0,25,1,76.47
Syunik,AM-SU,Մեղրի,Լեհվազ գյուղ,193,73,14,6,24,13,4,2,0,439,335,6,329,1,76.31
Syunik,AM-SU,Մեղրի,Լիճք գյուղ,190,7,17,6,1,0,1,0,0,248,223,1,222,1,89.92
Syunik,AM-SU,Մեղրի,Կարճեվան գյուղ,63,75,51,2,1,4,0,1,0,221,197,0,197,1,89.14
Syunik,AM-SU,Մեղրի,Կուրիս գյուղ,40,1,3,0,1,1,0,1,0,55,55,1,47,1,100.0
Syunik,AM-SU,Մեղրի,Մեղրի քաղաք,1294,755,314,78,62,123,17,14,9,3714,2790,68,2666,2,75.12
Syunik,AM-SU,Մեղրի,Նռնաձոր գյուղ,53,10,7,0,0,3,0,0,0,105,76,1,73,1,72.38
Syunik,AM-SU,Մեղրի,Շվանիձոր գյուղ,105,41,11,3,4,17,3,0,0,273,197,7,184,1,72.16
Syunik,AM-SU,Մեղրի,Վահրավար գյուղ,24,3,3,1,1,0,0,0,0,37,32,0,32,1,86.49
Syunik,AM-SU,Մեղրի,Վարդանիձոր գյուղ,85,53,4,8,1,4,0,1,0,209,165,8,156,1,78.95
Syunik,AM-SU,Մեղրի,Տաշտուն գյուղ,53,16,13,2,0,0,0,0,0,105,92,8,84,1,87.62
Syunik,AM-SU,Սիսիան,Ախլաթյան գյուղ,210,42,1,13,8,36,3,1,1,413,316,1,315,1,76.51
Syunik,AM-SU,Սիսիան,Աղիտու գյուղ,154,44,5,9,6,16,0,1,0,380,243,8,235,1,63.95
Syunik,AM-SU,Սիսիան,Անգեղակոթ գյուղ,386,294,53,64,13,28,13,4,0,1211,868,11,855,1,71.68
Syunik,AM-SU,Սիսիան,Աշոտավան գյուղ,176,59,26,32,7,35,1,0,0,494,341,2,336,1,69.03
Syunik,AM-SU,Սիսիան,Արեվիս գյուղ,37,3,1,0,1,2,0,0,0,66,46,2,44,1,69.7
Syunik,AM-SU,Սիսիան,Բալաք գյուղ,53,8,20,4,3,8,0,0,0,138,98,2,96,1,71.01
Syunik,AM-SU,Սիսիան,Բնունիս գյուղ,71,24,2,9,1,6,0,1,0,152,120,4,114,1,78.95
Syunik,AM-SU,Սիսիան,Բռնակոթ գյուղ,526,265,80,67,19,57,13,8,5,1548,1074,25,1040,1,69.38
Syunik,AM-SU,Սիսիան,Գետաթաղ գյուղ,102,14,5,1,2,2,0,0,0,164,126,0,126,1,76.83
Syunik,AM-SU,Սիսիան,Գորայք գյուղ,120,51,29,19,9,14,4,0,1,380,251,4,247,1,66.05
Syunik,AM-SU,Սիսիան,Դաստակերտ քաղաք,116,8,0,3,5,4,0,1,0,206,140,3,137,1,67.96
Syunik,AM-SU,Սիսիան,Դարբաս գյուղ,294,165,18,7,12,42,6,1,3,828,560,12,548,2,67.63
Syunik,AM-SU,Սիսիան,Թանահատ գյուղ,181,24,8,1,3,5,3,0,1,260,240,14,226,1,92.31
Syunik,AM-SU,Սիսիան,Թասիկ գյուղ,131,10,1,1,2,5,0,0,0,212,155,6,150,1,73.11
Syunik,AM-SU,Սիսիան,Իշխանասար գյուղ,79,16,17,2,2,3,0,0,0,160,120,0,119,1,75.0
Syunik,AM-SU,Սիսիան,Լծեն գյուղ,84,2,1,1,0,2,0,0,0,113,91,1,90,1,80.53
Syunik,AM-SU,Սիսիան,Լոր գյուղ,127,40,6,5,4,16,1,0,1,242,201,1,200,1,83.06
Syunik,AM-SU,Սիսիան,Ծղուկ գյուղ,143,15,1,2,6,7,0,2,0,276,177,1,176,1,64.13
Syunik,AM-SU,Սիսիան,Հացավան գյուղ,122,17,3,0,1,3,0,1,0,201,150,2,147,1,74.63
Syunik,AM-SU,Սիսիան,Մուցք գյուղ,205,41,44,6,2,30,0,0,0,424,345,17,328,1,81.37
Syunik,AM-SU,Սիսիան,Նժդեհ գյուղ,55,32,2,3,1,0,0,1,1,131,95,0,95,1,72.52
Syunik,AM-SU,Սիսիան,Նորավան գյուղ,204,58,19,12,6,26,0,0,0,444,340,15,325,1,76.58
Syunik,AM-SU,Սիսիան,Շաղատ գյուղ,279,150,5,57,9,34,5,1,1,710,545,4,541,1,76.76
Syunik,AM-SU,Սիսիան,Շաքի գյուղ,235,267,44,11,16,42,10,1,0,946,632,6,626,1,66.81
Syunik,AM-SU,Սիսիան,Շենաթաղ գյուղ,116,34,1,7,5,36,0,0,0,275,205,5,199,1,74.55
Syunik,AM-SU,Սիսիան,Որոտնավան գյուղ,82,54,6,3,1,3,0,0,0,217,151,2,149,1,69.59
Syunik,AM-SU,Սիսիան,Ույծ գյուղ,132,102,28,14,4,14,4,0,1,388,304,2,299,1,78.35
Syunik,AM-SU,Սիսիան,Սալվարդ գյուղ,101,31,3,11,2,10,1,3,0,249,168,6,162,1,67.47
Syunik,AM-SU,Սիսիան,Սառնակունք գյուղ,124,73,9,8,2,48,1,0,0,357,266,1,265,1,74.51
Syunik,AM-SU,Սիսիան,Սիսիան քաղաք,3429,2635,687,302,303,607,100,19,17,12905,8392,201,8099,7,65.03
Syunik,AM-SU,Սիսիան,Սպանդարյան գյուղ,137,38,14,9,2,23,4,0,0,319,228,1,227,1,71.47
Syunik,AM-SU,Սիսիան,Վաղատին գյուղ,240,67,6,13,13,21,0,0,0,486,360,0,360,1,74.07
Syunik,AM-SU,Սիսիան,Տոլորս գյուղ,113,78,5,4,4,7,1,0,1,301,219,6,213,1,72.76
Syunik,AM-SU,Սիսիան,Տորունիք գյուղ,58,12,7,0,3,2,0,0,0,128,83,0,82,1,64.84
Syunik,AM-SU,Տաթև,Խոտ գյուղ,1119,164,44,10,7,23,15,4,1,1668,1442,45,1387,1,86.45
Syunik,AM-SU,Տաթև,Հալիձոր գյուղ,162,48,10,13,4,29,4,4,1,437,290,15,275,1,66.36
Syunik,AM-SU,Տաթև,Հարժիս գյուղ,240,49,8,31,3,5,1,0,0,546,342,5,337,1,62.64
Syunik,AM-SU,Տաթև,Շինուհայր գյուղ,699,161,32,16,22,39,15,2,2,1698,1010,6,988,1,59.48
Syunik,AM-SU,Տաթև,Սվարանց գյուղ,159,6,0,0,2,1,0,0,0,222,170,2,168,1,76.58
Syunik,AM-SU,Տաթև,Տաթեվ գյուղ,376,41,25,2,1,16,3,1,1,653,477,11,466,1,73.05
Syunik,AM-SU,Տաթև,Տանձատափ գյուղ,43,2,0,0,2,3,0,0,0,56,50,0,50,1,89.29
Syunik,AM-SU,Տաթև,Քաշունի գյուղ,10,3,0,0,0,0,1,0,0,16,14,0,14,1,87.5
Syunik,AM-SU,Տեղ,Արավուս գյուղ,1503,45,5,15,2,25,7,0,0,1634,1606,4,1602,1,98.29
Syunik,AM-SU,Տեղ,Խնածախ գյուղ,773,33,4,1,2,16,3,2,2,985,855,13,836,1,86.8
Syunik,AM-SU,Տեղ,Խոզնավար գյուղ,211,19,0,0,0,0,0,0,0,278,230,0,230,1,82.73
Syunik,AM-SU,Տեղ,Կոռնիձոր գյուղ,848,160,18,20,8,57,9,1,0,1303,1143,22,1121,1,87.72
Syunik,AM-SU,Տեղ,Վաղատուր գյուղ,178,34,2,1,0,1,3,0,0,304,233,13,219,1,76.64
Syunik,AM-SU,Տեղ,Տեղ գյուղ,1732,268,37,19,21,41,16,10,4,2874,2214,59,2148,2,77.04
Syunik,AM-SU,Տեղ,Քարաշեն գյուղ,1076,78,15,8,13,4,8,3,2,1363,1233,22,1207,1,90.46
Syunik,AM-SU,Քաջարան,Գեղի գյուղ,67,14,2,3,2,6,0,0,0,144,96,1,94,1,66.67
Syunik,AM-SU,Քաջարան,Լեռնաձոր գյուղ,424,53,6,7,17,11,7,2,1,686,550,20,528,2,80.17
Syunik,AM-SU,Քաջարան,Նոր Աստղաբերդ գյուղ,29,15,0,2,0,0,0,0,0,74,52,6,46,1,70.27
Syunik,AM-SU,Քաջարան,Քաջարան քաղաք,3057,689,83,52,176,91,39,6,6,5190,4328,67,4199,3,83.39
Syunik,AM-SU,Քաջարան,Քաջարանց գյուղ,60,59,4,0,7,6,0,0,0,171,140,4,136,1,81.87
Tavush,AM-TV,Բերդ,Այգեձոր գյուղ,619,223,7,41,15,145,9,2,1,1987,1114,42,1062,2,56.06
Tavush,AM-TV,Բերդ,Այգեպար գյուղ,193,35,12,40,4,9,1,2,1,522,321,10,297,1,61.49
Tavush,AM-TV,Բերդ,Արծվաբերդ գյուղ,557,408,99,112,27,54,9,6,2,2348,1341,58,1274,2,57.11
Tavush,AM-TV,Բերդ,Բերդ քաղաք,1735,1294,358,595,122,283,86,22,6,7806,4744,157,4501,4,60.77
Tavush,AM-TV,Բերդ,Իծաքար գյուղ,90,62,3,11,6,10,3,0,1,237,193,6,186,1,81.43
Tavush,AM-TV,Բերդ,Մովսես գյուղ,554,70,67,52,19,40,46,6,3,1791,927,50,857,1,51.76
Tavush,AM-TV,Բերդ,Նավուր գյուղ,162,274,37,33,8,47,10,0,0,870,590,14,571,1,67.82
Tavush,AM-TV,Բերդ,Ներքին Կարմիր Աղբյուր գյուղ,271,103,16,99,9,12,4,5,0,829,547,25,519,1,65.98
Tavush,AM-TV,Բերդ,Նորաշեն գյուղ,671,92,30,30,10,64,6,5,1,1370,946,27,909,1,69.05
Tavush,AM-TV,Բերդ,Չինարի գյուղ,788,129,44,81,9,90,9,2,2,1598,1165,12,1154,1,72.9
Tavush,AM-TV,Բերդ,Չինչին գյուղ,139,48,6,121,5,10,2,1,0,519,344,12,332,1,66.28
Tavush,AM-TV,Բերդ,Չորաթան գյուղ,432,32,19,9,8,19,7,2,2,785,551,13,530,1,70.19
Tavush,AM-TV,Բերդ,Պառավաքար գյուղ,450,197,8,103,9,43,0,1,2,1194,866,27,813,1,72.53
Tavush,AM-TV,Բերդ,Վարագավան գյուղ,186,91,7,74,0,51,0,0,0,526,411,2,409,1,78.14
Tavush,AM-TV,Բերդ,Վերին Ծաղկավան գյուղ,373,93,16,44,12,27,0,1,2,690,571,3,568,1,82.75
Tavush,AM-TV,Բերդ,Վերին Կարմիր Աղբյուր գյուղ,330,352,90,49,15,54,13,3,1,1467,951,23,907,1,64.83
Tavush,AM-TV,Բերդ,Տավուշ գյուղ,757,178,11,52,11,53,7,4,0,1450,1079,6,1073,1,74.41
Tavush,AM-TV,Դիլիջան,Աղավնավանք գյուղ,121,63,0,1,3,4,0,0,0,272,196,1,192,1,72.06
Tavush,AM-TV,Դիլիջան,Գոշ գյուղ,282,131,16,26,3,22,2,1,3,796,509,19,486,2,63.94
Tavush,AM-TV,Դիլիջան,Դիլիջան քաղաք,3766,2742,449,441,224,521,99,22,26,14794,8693,304,8290,10,58.76
Tavush,AM-TV,Դիլիջան,Թեղուտ գյուղ,313,285,23,25,6,25,9,4,2,1100,723,29,692,1,65.73
Tavush,AM-TV,Դիլիջան,Խաչարձան գյուղ,130,21,3,27,0,4,1,0,0,252,191,1,186,1,75.79
Tavush,AM-TV,Դիլիջան,Հաղարծին գյուղ,579,666,138,51,22,111,8,4,3,2904,1672,76,1582,2,57.58
Tavush,AM-TV,Դիլիջան,Հովք գյուղ,115,27,2,45,1,38,2,2,1,322,247,12,233,1,76.71
Tavush,AM-TV,Իջեվան,Ազատամուտ գյուղ,895,230,28,80,49,68,10,4,7,2282,1448,49,1371,2,63.45
Tavush,AM-TV,Իջեվան,Ակնաղբյուր գյուղ,318,20,1,2,3,3,1,0,0,404,350,2,348,1,86.63
Tavush,AM-TV,Իջեվան,Աճարկուտ գյուղ,89,6,2,1,1,6,0,0,1,133,108,2,106,1,81.2
Tavush,AM-TV,Իջեվան,Այգեհովիտ գյուղ,907,381,85,157,40,118,12,1,3,2705,1785,66,1704,2,65.99
Tavush,AM-TV,Իջեվան,Աչաջուր գյուղ,791,424,66,229,293,94,50,9,0,3260,2075,79,1956,2,63.65
Tavush,AM-TV,Իջեվան,Բերքաբեր գյուղ,135,69,8,17,9,38,1,2,1,413,296,12,280,1,71.67
Tavush,AM-TV,Իջեվան,Գանձաքար գյուղ,661,487,85,232,49,127,6,9,6,2603,1754,60,1662,2,67.38
Tavush,AM-TV,Իջեվան,Գետահովիտ գյուղ,916,327,95,135,38,71,6,4,3,2082,1661,37,1595,1,79.78
Tavush,AM-TV,Իջեվան,Դիտավան գյուղ,314,14,7,19,3,53,2,1,0,471,416,3,413,1,88.32
Tavush,AM-TV,Իջեվան,Ենոքավան գյուղ,460,14,25,12,5,28,1,1,5,650,563,10,551,1,86.62
Tavush,AM-TV,Իջեվան,Իջեվան քաղաք,3253,3116,732,677,393,889,98,26,10,14020,9580,229,9194,8,68.33
Tavush,AM-TV,Իջեվան,Լուսահովիտ գյուղ,144,52,0,24,1,1,0,0,0,287,225,3,222,1,78.4
Tavush,AM-TV,Իջեվան,Լուսաձոր գյուղ,203,36,7,56,20,21,3,1,1,494,356,7,348,1,72.06
Tavush,AM-TV,Իջեվան,Խաշթառակ գյուղ,322,239,40,171,23,35,15,1,4,1419,895,22,850,1,63.07
Tavush,AM-TV,Իջեվան,Ծաղկավան գյուղ,186,39,9,56,10,12,3,1,0,447,316,1,316,1,70.69
Tavush,AM-TV,Իջեվան,Կիրանց գյուղ,160,11,0,10,3,14,1,1,0,252,202,2,200,1,80.16
Tavush,AM-TV,Իջեվան,Սարիգյուղ գյուղ,276,146,27,64,25,52,9,2,1,945,627,20,602,1,66.35
Tavush,AM-TV,Իջեվան,Սեվքար գյուղ,558,289,67,57,25,78,12,4,0,1693,1133,15,1090,1,66.92
Tavush,AM-TV,Իջեվան,Վազաշեն գյուղ,317,30,2,107,4,19,2,1,2,662,503,19,484,1,75.98
Tavush,AM-TV,Նոյեմբերյան,Այրում քաղաք,471,485,71,34,26,45,8,5,15,1941,1216,37,1160,1,62.65
Tavush,AM-TV,Նոյեմբերյան,Արճիս գյուղ,415,185,20,28,21,75,6,4,2,1031,775,17,756,1,75.17
Tavush,AM-TV,Նոյեմբերյան,Բագրատաշեն գյուղ,808,351,106,31,17,21,5,1,6,2204,1415,57,1346,2,64.2
Tavush,AM-TV,Նոյեմբերյան,Բաղանիս գյուղ,240,151,28,30,13,89,7,3,0,776,585,20,561,1,75.39
Tavush,AM-TV,Նոյեմբերյան,Բարեկամավան գյուղ,179,60,2,14,4,4,1,0,0,454,275,11,264,1,60.57
Tavush,AM-TV,Նոյեմբերյան,Բերդավան գյուղ,941,609,96,28,85,76,17,4,4,2727,1929,29,1860,2,70.74
Tavush,AM-TV,Նոյեմբերյան,Դեբեդավան գյուղ,213,108,1,17,0,20,0,0,0,583,373,11,359,1,63.98
Tavush,AM-TV,Նոյեմբերյան,Դեղձավան գյուղ,98,25,3,20,3,9,1,0,0,306,166,7,159,1,54.25
Tavush,AM-TV,Նոյեմբերյան,Դովեղ գյուղ,199,118,23,5,6,21,1,0,1,497,387,9,374,1,77.87
Tavush,AM-TV,Նոյեմբերյան,Զորական գյուղ,395,42,0,2,7,27,1,0,0,798,498,18,474,1,62.41
Tavush,AM-TV,Նոյեմբերյան,Լճկաձոր գյուղ,147,52,11,24,5,6,1,0,0,334,253,5,246,1,75.75
Tavush,AM-TV,Նոյեմբերյան,Կոթի գյուղ,948,102,88,2,23,11,6,2,2,1768,1234,36,1184,1,69.8
Tavush,AM-TV,Նոյեմբերյան,Կողբ գյուղ,1847,1136,91,74,57,87,24,8,2,4452,3465,103,3326,3,77.83
Tavush,AM-TV,Նոյեմբերյան,Հաղթանակ գյուղ,280,245,38,28,8,29,0,1,0,1143,648,19,629,1,56.69
Tavush,AM-TV,Նոյեմբերյան,Նոյեմբերյան քաղաք,1517,810,342,106,120,159,40,5,9,4685,3207,92,3108,3,68.45
Tavush,AM-TV,Նոյեմբերյան,Ոսկեպար գյուղ,302,104,6,20,8,17,4,1,1,732,486,15,463,1,66.39
Tavush,AM-TV,Նոյեմբերյան,Ոսկեվան գյուղ,299,138,33,30,130,50,5,2,5,1064,720,18,692,1,67.67
Tavush,AM-TV,Նոյեմբերյան,Պտղավան գյուղ,309,96,15,20,9,17,5,1,0,703,503,20,472,1,71.55
Tavush,AM-TV,Նոյեմբերյան,Ջուջեվան գյուղ,128,119,8,42,4,39,2,0,0,475,348,5,342,1,73.26
Vayots Dzor,AM-VD,Արենի,Ագարակաձոր գյուղ,247,157,48,55,5,109,8,1,1,1064,660,17,631,1,62.03
Vayots Dzor,AM-VD,Արենի,Աղավնաձոր գյուղ,715,156,57,7,35,37,10,4,2,1583,1052,22,1023,1,66.46
Vayots Dzor,AM-VD,Արենի,Արենի գյուղ,314,545,9,109,17,59,6,5,1,1460,1095,20,1065,1,75.0
Vayots Dzor,AM-VD,Արենի,Արփի գյուղ,353,191,14,68,10,28,8,0,0,927,692,20,672,1,74.65
Vayots Dzor,AM-VD,Արենի,Գնիշիկ( նախկին),79,17,4,11,0,2,0,0,0,156,114,1,113,1,73.08
Vayots Dzor,AM-VD,Արենի,Ելփին գյուղ,376,244,3,67,11,36,10,1,0,993,759,10,748,1,76.44
Vayots Dzor,AM-VD,Արենի,Խաչիկ գյուղ,353,126,19,31,10,144,5,6,2,1020,714,18,696,1,70.0
Vayots Dzor,AM-VD,Արենի,Չիվա գյուղ,289,104,35,13,11,9,2,1,0,674,478,14,464,1,70.92
Vayots Dzor,AM-VD,Արենի,Ռինդ գյուղ,429,204,23,56,8,38,3,4,2,1194,788,20,767,1,66.0
Vayots Dzor,AM-VD,Եղեգիս,Աղնջաձոր գյուղ,112,127,12,10,3,1,1,1,0,343,271,4,267,1,79.01
Vayots Dzor,AM-VD,Եղեգիս,Արտաբույնք գյուղ,234,299,16,106,3,6,3,0,0,789,667,0,667,1,84.54
Vayots Dzor,AM-VD,Եղեգիս,Գողթանիկ գյուղ,44,27,2,17,1,16,0,0,0,162,107,0,107,1,66.05
Vayots Dzor,AM-VD,Եղեգիս,Եղեգիս գյուղ,55,85,3,53,6,5,0,0,1,317,222,7,208,1,70.03
Vayots Dzor,AM-VD,Եղեգիս,Թառաթումբ գյուղ,230,38,2,21,3,0,2,0,0,407,300,4,296,1,73.71
Vayots Dzor,AM-VD,Եղեգիս,Հերմոն գյուղ,98,8,4,6,3,6,0,0,0,159,125,0,125,1,78.62
Vayots Dzor,AM-VD,Եղեգիս,Հորբատեղ գյուղ,65,55,1,27,3,2,0,0,0,201,159,6,153,1,79.1
Vayots Dzor,AM-VD,Եղեգիս,Հորս գյուղ,115,36,0,9,1,9,0,0,0,243,177,3,170,1,72.84
Vayots Dzor,AM-VD,Եղեգիս,Շատին գյուղ,468,406,5,65,6,102,3,0,0,1375,1065,10,1055,1,77.45
Vayots Dzor,AM-VD,Եղեգիս,Սալլի գյուղ,71,31,3,24,2,12,2,1,0,181,147,1,146,1,81.22
Vayots Dzor,AM-VD,Եղեգիս,Վարդահովիտ գյուղ,111,14,1,7,2,5,0,0,0,194,141,1,140,1,72.68
Vayots Dzor,AM-VD,Եղեգիս,Քարագլուխ գյուղ,310,118,2,33,2,36,0,2,0,628,515,8,503,1,82.01
Vayots Dzor,AM-VD,Եղեգնաձոր,Գետափ գյուղ,581,210,25,85,23,84,2,3,2,1611,1061,20,1015,1,65.86
Vayots Dzor,AM-VD,Եղեգնաձոր,Գլաձոր գյուղ,517,336,47,92,40,83,11,6,1,1974,1185,52,1133,2,60.03
Vayots Dzor,AM-VD,Եղեգնաձոր,Եղեգնաձոր քաղաք,1383,1777,268,411,172,248,63,10,6,7509,4550,127,4338,4,60.59
Vayots Dzor,AM-VD,Եղեգնաձոր,Մալիշկա գյուղ,942,732,51,190,54,70,24,14,5,3768,2203,103,2082,2,58.47
Vayots Dzor,AM-VD,Եղեգնաձոր,Վերնաշեն գյուղ,259,132,74,76,16,45,31,3,0,1028,668,32,636,1,64.98
Vayots Dzor,AM-VD,Ջերմուկ,Գնդեվազ գյուղ,422,60,2,1,13,15,4,0,2,650,529,10,519,1,81.38
Vayots Dzor,AM-VD,Ջերմուկ,Ջերմուկ քաղաք,1898,1120,88,71,105,139,28,9,3,5870,3545,72,3461,4,60.39
Vayots Dzor,AM-VD,Վայք,Ազատեկ գյուղ,141,144,3,13,6,38,1,2,0,435,355,4,348,1,81.61
Vayots Dzor,AM-VD,Վայք,Արին գյուղ,745,103,9,3,1,16,5,0,0,966,904,22,882,1,93.58
Vayots Dzor,AM-VD,Վայք,Արտավան գյուղ,92,57,1,6,1,46,1,0,0,259,205,1,204,1,79.15
Vayots Dzor,AM-VD,Վայք,Բարձրունի գյուղ,53,159,0,2,3,8,2,0,2,399,234,5,229,1,58.65
Vayots Dzor,AM-VD,Վայք,Գոմք գյուղ,52,37,2,4,0,13,0,0,0,182,112,5,108,1,61.54
Vayots Dzor,AM-VD,Վայք,Զառիթափ գյուղ,434,147,12,4,14,48,4,2,0,1057,697,32,665,1,65.94
Vayots Dzor,AM-VD,Վայք,Զեդեա գյուղ,74,10,0,0,3,6,0,0,0,130,99,6,93,1,76.15
Vayots Dzor,AM-VD,Վայք,Խնձորուտ գյուղ,142,104,1,17,4,20,1,0,1,434,302,12,290,1,69.59
Vayots Dzor,AM-VD,Վայք,Կարմրաշեն գյուղ,48,81,3,11,0,12,0,0,0,203,161,4,155,1,79.31
Vayots Dzor,AM-VD,Վայք,Հերհեր գյուղ,217,170,1,1,3,10,4,0,1,549,419,10,407,1,76.32
Vayots Dzor,AM-VD,Վայք,Մարտիրոս գյուղ,169,44,8,7,6,88,4,0,0,449,330,4,326,1,73.5
Vayots Dzor,AM-VD,Վայք,Նոր Ազնաբերդ գյուղ,45,22,2,1,3,3,0,0,0,109,78,2,76,1,71.56
Vayots Dzor,AM-VD,Վայք,Սարավան գյուղ,36,74,0,5,1,41,0,0,0,234,157,0,157,1,67.09
Vayots Dzor,AM-VD,Վայք,Սերս գյուղ,73,15,3,2,3,1,2,0,0,146,103,4,99,1,70.55
Vayots Dzor,AM-VD,Վայք,Վայք քաղաք,1378,1221,130,83,135,395,30,7,6,5262,3511,104,3385,3,66.72
Vayots Dzor,AM-VD,Վայք,Փոռ գյուղ,30,37,0,1,1,15,1,1,1,118,92,5,87,1,77.97
Yerevan,AM-ER,Աջափնյակ,Աջափնյակ,18716,12242,5284,2623,4691,2636,604,266,142,80858,49579,2030,47204,50,61.32
Yerevan,AM-ER,Ավան,Ավան,11188,3787,2184,1022,2132,1385,294,124,50,38144,23291,852,22166,21,61.06
Yerevan,AM-ER,Արաբկիր,Արաբկիր,17257,12542,7425,1877,6587,3557,822,471,149,91899,53257,2135,50687,53,57.95
Yerevan,AM-ER,Դավթաշեն,Դավթաշեն,7208,4570,1747,1370,1846,1420,192,81,31,30807,19226,595,18465,19,62.41
Yerevan,AM-ER,Էրեբունի,Էրեբունի,19189,12262,5508,2772,4373,2680,622,240,113,91733,50483,2423,47759,52,55.03
Yerevan,AM-ER,Կենտրոն,Կենտրոն,15344,12299,7847,2393,6402,3793,1009,495,142,91939,52212,2066,49724,56,56.79
Yerevan,AM-ER,Մալաթիա-Սեբաստիա,Մալաթիա-Սեբաստիա,22888,11996,7340,3297,4974,3442,632,231,145,102894,57805,2460,54945,57,56.18
Yerevan,AM-ER,Նոր Նորք,Նոր Նորք,17832,18738,5423,2707,5290,3452,732,339,190,97980,57307,2336,54703,56,58.49
Yerevan,AM-ER,Նորք-Մարաշ,Նորք-Մարաշ,2210,2328,590,175,440,189,47,30,10,9825,6347,288,6019,6,64.6
Yerevan,AM-ER,Նուբարաշեն,Նուբարաշեն,2800,2468,147,213,167,157,29,4,6,9109,6267,152,5991,5,68.8
Yerevan,AM-ER,Շենգավիթ,Շենգավիթ,27538,21786,6403,3657,5258,3416,719,333,142,111857,73620,3518,69252,63,65.82
Yerevan,AM-ER,Քանաքեռ-Զեյթուն,Քանաքեռ-Զեյթուն,10488,9600,3686,2198,3217,2229,447,196,89,57180,33869,1456,32150,30,59.23
